id,settore,fornitore,codice,descrizione,collocazione,cespite,quantita,in_uso,unita,prezzo,note
38088,Elettrico,,,"SEGNAFILI LETTERE U",,,4,0,"pacco ",3.46000,
38087,Elettrico,,,"SEGNAFILI LETTERE T",,,2,0,"pacco ",25.64000,
38086,Elettrico,,,"SEGNAFILI LETTERE S",,,2,0,"pacco ",23.09000,
38085,Elettrico,,,"SEGNAFILI LETTERE R",,,1,0,"pacco ",25.64000,
38532,Cancelleria,VISOCOM,0,"Toner TK Kyocera Mita TK 110 - fax",,,1,0,,20.00000,
37843,Cancelleria,ERREBIAN,5369,"DIVISORI COLORATI 12 CARD - RUBRICHE ESSELTE ",B1,,1,0,,4.32000,
38024,Elettrico,,,"ADATTATORE SPINA 10A SCHUKO",,,1,0,Pz.,1.32000,
38025,Elettrico,,,"BIPRESA VOLANTE 2p.+T 10/16A",,,2,0,Pz.,1.89000,
38026,Elettrico,,,"PORTAPIEDINI NEON",,,60,0,Pz.,1.20000,
38023,Elettrico,,,"ADATTATORE MULTIPLE 16A",,,0,0,Pz.,1.90800,
38021,Elettrico,,,"PORTAFUSIBILE SEZIONABILE TRIPOLARE 10,3x38",,,8,0,Pz.,13.22400,
38022,Elettrico,,,"TRASFORMATORE MONOFASE 220-380v/12-0-12v 150va",,,0,0,Pz.,26.62000,
38008,Elettrico,,,"FUSIBILE 10x38 2A",,,50,0,Pz.,0.72000,
38009,Elettrico,,,"FUSIBILE 10x38 4A",,,80,0,Pz.,0.60000,
38010,Elettrico,,,"FUSIBILE 10x38 6A",,,70,0,Pz.,0.60000,
38011,Elettrico,,,"FUSIBILE 10x38 8A",,,80,0,Pz.,0.72000,
38012,Elettrico,,,"FUSIBILE A VETRO 5x20 0,1A",,,10,0,Pz.,0.10000,
38013,Elettrico,,,"FUSIBILE A VETRO 5x20 0,8A",,,20,0,Pz.,0.07200,
38014,Elettrico,,,"FUSIBILE A VETRO 5x20 1A",,,20,0,Pz.,0.15000,
38015,Elettrico,,,"FUSIBILE A VETRO 5x20 1,6A",,,10,0,Pz.,0.08000,
38016,Elettrico,,,"FUSIBILE A VETRO 5x20 2A",,,10,0,Pz.,0.08000,
38017,Elettrico,,,"FUSIBILE A VETRO 5x20 3,15A",,,20,0,Pz.,0.15000,
38018,Elettrico,,,"FUSIBILE A VETRO 5x20 5A",,,30,0,Pz.,0.15000,
38019,Elettrico,,,"FUSIBILE A VETRO 5x20 6A",,,30,0,Pz.,0.15000,
38020,Elettrico,,,"FUSIBILE A VETRO 5x20 10A",,,10,0,Pz.,0.15000,
38031,Elettrico,,,"RELE' AD IMPULSI INTERRUTORE 230v~",,,10,0,Pz.,7.32000,
38032,Elettrico,,,"SPINA VOLANTE 2p+T 16A",,,2,0,Pz.,1.14000,
38033,Elettrico,,,"SPINA VOLANTE angolo pieghevole 2p.+T 16A",,,3,0,Pz.,1.20000,
38030,Elettrico,,,"RELE' AD IMPULSI INTERRUTORE 12v~",,,10,0,Pz.,7.62000,
38005,Elettrico,,,"ZOCCOLO MINIATURA innesto a vite 4 scambi",,,30,0,Pz.,3.84000,
38006,Elettrico,,,"ALLEN BRADLEY - TESTINA AGGIUNTIVA 2na-2nc",,,0,0,Pz.,9.24000,
38007,Elettrico,,,"FUSIBILE 10x38 1A",,,20,0,Pz.,0.36000,
38002,Elettrico,,,"STARTER 4-22w",,,25,0,Pz.,0.42000,
38003,Elettrico,,,"ILME CHP24 - CUSTODIE DA PARETE 24p.",,,0,0,Pz.,13.25000,
38004,Elettrico,,,"ILME CNF24 - FRUTTO FEMMINA 24p.+T",,,4,0,Pz.,6.84000,
38000,Elettrico,,,"LAMPADA INCANDESCENTE GOCCIA e27 12v 60w",,,14,0,Pz.,2.16000,
38001,Elettrico,,,"LAMPADA INCANDESCENTE GOCCIA e27 220v 25w",,,0,0,Pz.,0.74400,
37999,Elettrico,,,"LAMPADA INCANDESCENTE GOCCIA e27 12v 40w",,,0,0,Pz.,1.62000,
37997,Elettrico,,,"LAMPADA FLUORESCENTE LINEARE 18w/33",,,0,0,Pz.,1.44000,
37998,Elettrico,,,"LAMPADA INCANDESCENTE GOCCIA e27 12v 25w",,,0,0,Pz.,1.50000,
37974,Elettrico,,,"ZOCCOLO INTEGRATO pin 14",,,130,0,Pz.,0.05000,
37975,Elettrico,,,"ZOCCOLO INTEGRATO pin 16",,,150,0,Pz.,0.06600,
37976,Elettrico-Elettronico,,,LUXMETRO,C4,,1,0,,45.60000,
37977,Elettrico,,,"CACCIAVITE STELLA 4x80",,,41,0,Pz.,2.41200,
37978,Elettrico,,,"CACCIAVITE TAGLIO 3x80",,,38,0,Pz.,1.47600,
37979,Elettrico,,,"CACCIAVITE TAGLIO 4x100",,,30,0,Pz.,2.18400,
37980,Elettrico,,,"FORBICE DIRITTA ISOLATA",,,26,0,Pz.,13.20000,
37981,Elettrico,,,"LUCCHETTO mm.30",,,1,0,Pz.,2.20000,
37982,Elettrico,,,"PINZA A BECCHI LUNGHI ELETTRONICA",,,2,0,Pz.,6.20000,
37983,Elettrico,,,"PINZA TRONCHESINA ELETTRONICA",,,3,0,Pz.,6.41000,
37984,Elettrico,,,"PINZA UNIVERSALE",,,5,0,Pz.,16.20000,
37985,Elettrico,,,"SALDATORE ELETTRICO 220v~ 30w",,,2,0,Pz.,21.00000,
37986,Elettrico,,,"SALDATORE ELETTRICO punta da ricambio",,,3,0,Pz.,9.70000,
37987,Elettrico,,,SUCCHISTAGNO,,,5,0,Pz.,14.16000,
37988,Elettrico,,,"SUCCHISTAGNO punta da ricambio",,,9,0,Pz.,2.86800,
37989,Elettrico,,,"CANALETTE DA CABLAGGIO mm.25x80",,,6,0,Mt.,4.21200,
37990,Elettrico,,,"PROFILATO GUIDA G",,,6,0,Mt.,0.93000,
37991,Elettrico,,,"PROFILATO GUIDA OMEGA h. 7,5cm",,,10,0,Mt.,1.92000,
37992,Elettrico,,,"SCATOLA RETTANGOLARE DA INCASSO moduli 3",,,10,0,Pz.,36.00000,
37993,Elettrico,,,"TUBO PVC RIGIDO d.20",,,18,0,Mt.,0.43200,
37994,Elettrico,,,"LAMPADA DA PANNELLO 24v rosso",,,5,0,Pz.,1.08000,
37995,Elettrico,,,"LAMPADA DA PANNELLO 24v verde",,,6,0,Pz.,1.08000,
37996,Elettrico,,,"LAMPADA FLUORESCENTE LINEARE 14w/33",,,18,0,Pz.,11.04000,
37969,Elettrico,,,"TRANSISTOR BC557",,,0,0,Pz.,0.03600,
37970,Elettrico,,,"TRANSISTOR BD437",,,40,0,Pz.,0.26000,
37971,Elettrico,,,"TRANSISTOR TIP29C",,,50,0,Pz.,0.63600,
37972,Elettrico,,,"TRANSISTOR TIP30C",,,50,0,Pz.,0.27840,
37973,Elettrico,,,"ZOCCOLO INTEGRATO pin 8",,,200,0,Pz.,0.05040,
37915,Elettrico,,,"PUNTALI x MULTIMETRO",,,13,0,Pz.,1.20000,
37916,Elettrico,,,"RESISTENZA 270 ohm 1/4w",,,260,0,Pz.,0.02000,
37917,Elettrico,,,"RESISTENZA 330 ohm 1/4w",,,260,0,Pz.,0.02000,
37918,Elettrico,,,"RESISTENZA 390 ohm 1/4w",,,260,0,Pz.,0.02000,
37919,Elettrico,,,"RESISTENZA 470 ohm 1/4w",,,260,0,Pz.,0.02000,
37920,Elettrico,,,"RESISTENZA 680 ohm 1/4w",,,360,0,Pz.,0.02000,
37921,Elettrico,,,"RESISTENZA 820 ohm 1/4w",,,260,0,Pz.,0.02000,
37922,Elettrico,,,"RESISTENZA 1k ohm 1/4w",,,380,0,Pz.,0.02500,
37923,Elettrico,,,"RESISTENZA 1k2 ohm 1/4w",,,260,0,Pz.,0.02000,
37924,Elettrico,,,"RESISTENZA 1k8 ohm 1/4w",,,100,0,Pz.,0.02000,
37925,Elettrico,,,"RESISTENZA 4k7 ohm 1/4w",,,260,0,Pz.,0.02000,
37926,Elettrico,,,"RESISTENZA 5k6 ohm 1/4w",,,260,0,Pz.,0.02500,
37927,Elettrico,,,"RESISTENZA 22k ohm 1/4w",,,210,0,Pz.,0.02000,
37928,Elettrico,,,"RESISTENZA 27k ohm 1/4w",,,100,0,Pz.,0.02000,
37929,Elettrico,,,"RESISTENZA 39k ohm 1/4w",,,260,0,Pz.,0.02000,
37930,Elettrico,,,"RESISTENZA 82k ohm 1/4w",,,100,0,Pz.,0.02000,
37931,Elettrico,,,"RESISTENZA 220k ohm 1/4w",,,260,0,Pz.,0.02000,
37932,Elettrico,,,"RESISTENZA 560k ohm 1/4w",,,260,0,Pz.,0.02000,
37933,Elettrico,,,"RESISTENZA 680k ohm 1/4w",,,260,0,Pz.,0.02000,
37934,Elettrico,,,"RESISTENZA 1 ohm 1/2w",,,50,0,Pz.,0.01100,
37935,Elettrico,,,"RESISTENZA 8,2 ohm 1/2w",,,150,0,Pz.,0.01100,
37936,Elettrico,,,"RESISTENZA 10 ohm 1/2w",,,45,0,Pz.,0.01100,
37937,Elettrico,,,"RESISTENZA 22 ohm 1/2w",,,45,0,Pz.,0.01100,
37938,Elettrico,,,"RESISTENZA 1k ohm 1/2w",,,0,0,Pz.,0.01100,
37939,Elettrico,,,"RESISTENZA 560 ohm 1/2w",,,170,0,Pz.,0.02000,
37940,Elettrico,,,"RESISTENZA 2k2 ohm 1/2w",,,200,0,Pz.,0.01800,
37941,Elettrico,,,"RESISTENZA 3k6 ohm 1/2w",,,260,0,Pz.,0.02000,
37942,Elettrico,,,"RESISTENZA 3k9 ohm 1/2w",,,200,0,Pz.,0.01100,
37943,Elettrico,,,"RESISTENZA 6k2 ohm 1/2w",,,210,0,Pz.,0.02000,
37944,Elettrico,,,"RESISTENZA 6k8 ohm 1/2w",,,250,0,Pz.,0.01100,
37945,Elettrico,,,"RESISTENZA 10k ohm 1/2w",,,200,0,Pz.,0.01100,
37946,Elettrico,,,"RESISTENZA 15k ohm 1/2w",,,200,0,Pz.,0.01100,
37947,Elettrico,,,"RESISTENZA 33k ohm 1/2w",,,200,0,Pz.,0.02880,
37948,Elettrico,,,"RESISTENZA 47k ohm 1/2w",,,134,0,Pz.,0.02000,
37949,Elettrico,,,"RESISTENZA 56k ohm 1/2w",,,210,0,Pz.,0.02000,
37950,Elettrico,,,"RESISTENZA 100k ohm 1/2w",,,60,0,Pz.,0.01200,
37951,Elettrico,,,"RESISTENZA 120k ohm 1/2w",,,200,0,Pz.,0.01100,
37952,Elettrico,,,"RESISTENZA 150k ohm 1/2w",,,260,0,Pz.,0.01100,
37953,Elettrico,,,"RESISTENZA 180k ohm 1/2w",,,200,0,Pz.,0.01200,
37954,Elettrico,,,"RESISTENZA 270k ohm 1/2w",,,200,0,Pz.,0.01100,
37955,Elettrico,,,"RESISTENZA 390k ohm 1/2w",,,150,0,Pz.,0.01100,
37956,Elettrico,,,"RESISTENZA 1m ohm 1/2w",,,80,0,Pz.,0.01100,
37957,Elettrico,,,"RESISTENZA 1m2 ohm 1/2w",,,220,0,Pz.,0.02000,
37958,Elettrico,,,"RESISTENZA 2m2 ohm 1/2w",,,210,0,Pz.,0.02000,
37959,Elettrico,,,"RESISTENZA 3m3 ohm 1/2w",,,150,0,Pz.,0.02000,
37960,Elettrico,,,"RESISTENZA 4m7 ohm 1/2w",,,220,0,Pz.,0.02000,
37961,Elettrico,,,"RESISTENZA 8m2 ohm 1/2w",,,260,0,Pz.,0.02000,
37962,Elettrico,,,"RESISTENZA 10m ohm 1/2w",,,110,0,Pz.,0.02000,
37963,Elettrico,,,"BOBINA STAGNO SENZA PIOMBO mm.1 gr.500",,,4,0,Pz.,26.40000,
37964,Elettrico,,,"TRANSISTOR 2N2222",,,50,0,Pz.,0.56000,
37965,Elettrico,,,"TRANSISTOR BC237",,,40,0,Pz.,0.03400,
37966,Elettrico,,,"TRANSISTOR BC327",,,0,0,Pz.,0.03600,
37967,Elettrico,,,"TRANSISTOR BC337",,,0,0,Pz.,0.03600,
37968,Elettrico,,,"TRANSISTOR BC547",,,100,0,Pz.,0.07920,
37914,Elettrico,,,"PORTAFUSIBILE A PANNELLO 5x20 apertura vite IP40",,,4,0,Pz.,2.88000,
37912,Elettrico,,,"PINZETTA A MOLLA PLASTICA x ACIDO",,,5,0,Pz.,3.56400,
37913,Elettrico,,,"PINZETTA A MOLLA PLASTICA x ACIDO pezzi 4",,,0,0,Pz.,3.20000,
38410,Meccanico,,,"GIRAMASCHIO N1 - (2-8)",,,3,0,1,20.40000,
37910,Elettrico,,,"MORSETTIERE A VITE C.S. poli 3  passo mm.5",,,200,0,Pz.,0.63000,
37911,Elettrico,,,"PENNA INCHIOSTRO C.S.",,,1,0,Pz.,5.40000,
37908,Elettrico,,,"MICRO PULSANTE ROSSO contatti NC",,,3,0,Pz.,3.18000,
37909,Elettrico,,,"MORSETTIERE A VITE C.S. poli 2  passo mm.5",,,150,0,Pz.,0.17000,
37907,Elettrico,,,"MICRO PULSANTE NERO contatti NA",,,4,0,Pz.,3.84000,
37903,Falegnameria,,RCMM120P80SA,"ROTOLO TELA ABRASIVA LARGHEZZA mm120 P 80 SAIT",,,22,0,Mt.,1.70000,
37904,Meccanico,,RC329ALL,"RIVETTO DI ALLUMINIO D 3.2x9 ",,,90,0,Pz.,0.01464,
37906,Elettrico,,,"MICRO DEVIATORE LEVETTA",,,10,0,Pz.,1.56000,
37901,Elettrico,,,"CIRCUITO INTEGRATO LM339",,,15,0,Pz.,0.19000,
37902,Elettrico,,,"CIRCUITO INTEGRATO LM393",,,15,0,Pz.,0.24000,
37900,Elettrico,,,"CIRCUITO INTEGRATO LM317  1.5A  1.2-35v",,,0,0,Pz.,0.36000,
37896,Elettrico,,,"DIODO ZENER BZX79  6,2v",,,200,0,Pz.,0.05000,
37897,Elettrico,,,"DIODO ZENER BZX85  24v",,,200,0,Pz.,0.02000,
37898,Elettrico,,,"CIRCUITO INTEGRATO CD4033",,,20,0,Pz.,0.67000,
37899,Elettrico,,,"CIRCUITO INTEGRATO CD4069",,,40,0,Pz.,0.18000,
37889,Elettrico,,,"DIODO LED ROSSO mm.5",,,300,0,Pz.,0.07200,
37890,Elettrico,,,"DIODO LED VERDE mm.5",,,100,0,Pz.,0.10600,
37891,Elettrico,,,"DIODO LED SUPERBRIGHT mm.5",,,20,0,Pz.,1.20000,
37892,Elettrico,,,"DIODO UNIVERSALE 1N4001",,,100,0,Pz.,0.02700,
37893,Elettrico,,,"DIODO UNIVERSALE 1N4004",,,150,0,Pz.,0.03700,
37894,Elettrico,,,"DIODO UNIVERSALE 1N4007",,,400,0,Pz.,0.01800,
37895,Elettrico,,,"DIODO UNIVERSALE 1N4148",,,450,0,Pz.,0.03960,
37885,Elettrico,,,"CONNETTORE x BATTERIA A BOTTONI PP3 9v",,,0,0,Pz.,0.12000,
37886,Elettrico,,,"CONTENITORE PLASTICA TEKO mod.780",,,14,0,Pz.,7.44000,
37887,Elettrico,,,"DEVIATORE SLITTA",,,0,0,Pz.,0.24000,
37888,Elettrico,,,"DIODO LED GIALLA mm.5",,,200,0,Pz.,0.08400,
37882,Elettrico,,,"CONDENSATORE POLIESTERE 0,1µF 400v",,,20,0,Pz.,0.20400,
37883,Elettrico,,,"CONDENSATORE POLIESTERE 0,27µF 400v",,,20,0,Pz.,0.28200,
37884,Elettrico,,,"CONDENSATORE POLIESTERE 0,33µF 400v",,,20,0,Pz.,0.37400,
37881,Elettrico,,,"CONDENSATORE POLIESTERE 0,22µF 400v",,,0,0,Pz.,0.07000,
37879,Falegnameria,,RCM5D7/15OTT,"REGGIPIANO A PERNO DIAM. 7x15 M5 IN OTTONE art.MACO",,,8,0,Pz.,0.04860,
38028,Elettrico,,,"REATTORE 36-40w",,,4,0,Pz.,3.60000,
38029,Elettrico,,,"RELE' AD IMPULSI COMMUTATORE 230v~",,,0,0,Pz.,9.00000,
37864,Elettrico,,,"CONDENSATORE ELETTROLITICO VERTICALE 2200µF 63v",,,15,0,Pz.,1.96000,
37862,Elettrico,,,"CONDENSATORE ELETTROLITICO VERTICALE 4,7µF 63v",,,100,0,Pz.,0.04800,
37863,Elettrico,,,"CONDENSATORE ELETTROLITICO VERTICALE 100µF 63v",,,100,0,Pz.,0.10800,
38027,Elettrico,,,PORTASTARTER,,,110,0,Pz.,1.20000,
37877,Elettrico,,,"CONDENSATORE ELETTROLITICO VERTICALE 22µF 63v",,,100,0,Pz.,0.04300,
37878,Falegnameria,,RCM8D10/20OTT,"REGGIPIANO A PERNO DIAM.10x20 M8 IN OTTONE art.MACO",,,16,0,Pz.,0.15600,
37865,Elettrico,,,"CONDENSATORE POLIESTERE 0,033µF 63v",,,0,0,Pz.,0.07100,
37867,Elettrico,,,"CONDENSATORE POLIESTERE 0,39µF 63v",,,0,0,Pz.,0.13300,
37868,Elettrico,,,"CONDENSATORE POLIESTERE 1µF 63v",,,0,0,Pz.,0.24000,
37869,Elettrico,,,"CONDENSATORE POLIESTERE 2,7µF 63v",,,0,0,Pz.,0.06500,"
"
37880,Elettrico,,,"CONDENSATORE POLIESTERE 0,01µF 100v",,,90,0,Pz.,0.07200,
37871,Meccanico,,RC10050ZN,"ZERBINO IN GOMMA COLOR NERO Cm. 100x50 (COMBOMART)",,,0,0,Pz.,20.00400,
37872,Meccanico,,RC2450EBE5/8,"LAMA mm2450x25x0.9 M42  D 6-10 VIGLIANI PER IMB 250 BIANCO",,,1,0,Pz.,19.80000,
37905,Elettrico,,,"CIRCUITO INTEGRATO NE555",,,50,0,Pz.,0.60000,
37874,Falegnameria,,RCM8D12/20ZAM,"BOCCOLA C/FORO M8 D.12x20 IN ZAMA PER REGGIPIANI A PERNO",,,16,0,Pz.,0.04124,
37875,Falegnameria,,RCM5D7/9OTT,"BOCCOLA C/FORO M5 D.7x9 OTTONATA PER REGGIPIANI A PERNO",,,8,0,Pz,0.03379,
37876,Elettrico,,,"CONDENSATORE ELETTROLITICO VERTICALE 10µF 100v",,,100,0,Pz.,0.04800,
37854,Elettrico,,,"PIASTRA SENSIBILE lato 1 rame  mm.160x100",,,124,0,Pz.,4.44000,
37855,Elettrico,,,"PIASTRA VETRONITE lato 1 rame  mm.160x230",,,30,0,Pz.,2.66400,
37856,Elettrico,,,"CONDENSATORE ELETTROLITICO VERTICALE 1000µF 16v",,,100,0,Pz.,0.14400,
37866,Elettrico,,,"CONDENSATORE POLIESTERE 0,33µF 63v",,,20,0,Pz.,0.13000,
37857,Elettrico,,,"CONDENSATORE ELETTROLITICO VERTICALE 1000µF 25v",,,80,0,Pz.,0.18000,
37873,Falegnameria,,RCG850D2481,"COLLA ADESIVO BOSTIK ART.5242/C Cod.D2481 CONF. g850",,,2,0,Pz.,9.00000,
37859,Elettrico,,,"CONDENSATORE ELETTROLITICO VERTICALE 22µF 50v",,,100,0,Pz.,0.04300,
37860,Elettrico,,,"CONDENSATORE ELETTROLITICO VERTICALE 47µF 50v",,,70,0,Pz.,0.08800,
37861,Elettrico,,,"CONDENSATORE ELETTROLITICO VERTICALE 10µF 63v",,,100,0,Pz.,0.06800,
37852,Elettrico,,,"FLACONE CLORURO FERRICO x 1 lt.",,,4,0,Pz.,3.42000,
37853,Elettrico,,,"PIASTRA MILLEFORI lato 1 rame  mm.160x100",,,50,0,Pz.,3.18000,
37844,Cancelleria,,3143,"POST-IT 680-GT STRISCE",A,,4,0,,2.54000,
38071,Elettrico,,,"MORSETTO VOLANTE mm.6",,,90,0,Pz.,0.90000,
38072,Elettrico,,,"MORSETTO VOLANTE mm.10",,,183,0,Pz.,1.50000,
38073,Elettrico,,,"MORSETTIERE A VITE PVC 12 POLI mm.2,5",,,90,0,Pz.,0.77000,
38074,Elettrico,,,"MORSETTIERE A VITE PVC 12 POLI mm.4",,,20,0,Pz.,0.72000,
14467,Cancelleria,Karnak,UMC201/1,"raccoglitore dorso 5",,,35,0,Pezzo,4.20000,
38070,Elettrico,,,"MORSETTO VOLANTE mm.2,5",,,30,0,Pz.,0.88800,
21210,Elettrico-Elettronico,,,"PULSANTE Ø 22 MM SIEMENS NERO RASATO TIPO SIEMENS 3SB10002AB",Q6,,5,0,,4.67000,
21209,Elettrico-Elettronico,,,"PULSANTE Ø 22 MM SIEMENS FUNGO GIALLO SENZA RITEGNO TIPO SIEMENS 3SB10001DD",Q6,,5,0,,4.67000,
21208,Elettrico-Elettronico,,,"PULSANTE Ø 22 MM ROSSO TIPO TELEMECANIQUE ZB4BA9                                                       ",M6,,28,0,,4.67000,
21207,Elettrico-Elettronico,,,"PULSANTE Ø 22 MM ROSSO TIPO BRETER",M6,,9,0,,4.67000,
21206,Elettrico-Elettronico,,,"PULSANTE Ø 22 MM ROSSO RASATO TIPO BRETER RM010",M6,,30,0,,4.67000,
21205,Elettrico-Elettronico,,,"PULSANTE Ø 22 MM NERO TIPO TELEMECANIQUE ZB4BA9                                                       ",M6,,28,0,,4.67000,
21204,Elettrico-Elettronico,,,"PULSANTE Ø 22 MM NERO TIPO BRETER",M6,,16,0,,4.67000,
21203,Elettrico-Elettronico,,,"PULSANTE Ø 22 MM NERO RASATO TIPO BRETER RM010",M6,,40,0,,4.67000,
21202,Elettrico-Elettronico,,,"PULSANTE Ø 22 MM FUNGO ROSSO SENZA RITEGNO TIPO TELEMECCANIQUE ZB4BC4",M6,,2,0,,5.58000,
21201,Elettrico-Elettronico,,,"PULSANTE Ø 22 MM FUNGO ROSSO SENZA RITEGNO TIPO BRETER RM050R",M6,,40,0,,5.58000,
21200,Elettrico-Elettronico,,,"PULSANTE COMMUTATORE CON FRECCE 3MORSETTI OFFCENTRALE TIPO VIMAR 8280",E2,,50,0,,17.47000,
21199,Elettrico-Elettronico,,,"PROTEZIONE IN PLASTICA TRASPARENTE PER TRASFORMATORE INDUSTRIALE",S0,,1,0,,0.14000,
21198,Elettrico-Elettronico,,,"PROLUNGA TELEFONICA DOPPIA SPINA RJ11 2 MT",F5,,1,0,,0.72000,
21197,Elettrico-Elettronico,,,"PROLUNGA TELEFONICA DOPPIA SPINA RJ11 10 MT",F5,,1,0,,4.08000,
21196,Elettrico-Elettronico,,,"PROLUNGA SINGOLA M PER CONNETTORI 16 POLI TIPO ILME",M5,,5,0,,1.92000,
21195,Elettrico-Elettronico,,,"PROLUNGA SINGOLA F PER CONNETTORI 16 POLI TIPO ILME",M5,,4,0,,1.92000,
21194,Elettrico-Elettronico,,,"PROLUNGA PNEUMATICA PER ARIA TUBO 6/8 CON ATTACCO RAPIDI M-M ? LUNGHEZZE",R3,,3,0,,2.76000,
21193,Elettrico-Elettronico,,,"PROLUNGA PNEUMATICA PER ARIA TUBO 6/8 CON ATTACCO RAPIDI M-F ? LUNGHEZZE",R3,,5,0,,2.76000,
21192,Elettrico-Elettronico,,,"PROLUNGA DOPPIA M-F PER CONNETTORI 48 POLI TIPO ILME",M5,,1,0,,41.52000,
21191,Elettrico-Elettronico,,,"PROLUNGA DOPPIA M-F PER CONNETTORI 24 POLI TIPO ILME",M5,,2,0,,41.52000,
21190,Elettrico-Elettronico,,,"PROLUNGA 380V 3P+T - 380V 3P+T",B0,,3,0,,17.52000,
21189,Elettrico-Elettronico,,,"PROLUNGA 380V 3P+N+T - 380V 3P+N+T",B0,,0,0,,15.00000,
21188,Elettrico-Elettronico,,,"PROLUNGA 220V CEE 2P+T - CIABATTA UNIVERSALE",A0,,2,0,,9.96000,
21187,Elettrico-Elettronico,,,"PROLUNGA 220V CEE 2P+T - CEE 2P+T",A0,,1,0,,2.64000,
21186,Elettrico-Elettronico,,,"PROLUNGA 220V CEE 2P+T - 10/16A",A0,,4,0,,2.64000,
21185,Elettrico-Elettronico,,,"PROLUNGA 220V 16A - RIAVVOLGIBILE 18MT",A0,,1,0,,23.40000,
21184,Elettrico-Elettronico,,,"PROLUNGA 220V 16A - CIABATTA UNIVERSALE",A0,,4,0,,7.80000,
21183,Elettrico-Elettronico,,,"PROLUNGA 220V 16A - CAVO PER ALIMENTAZIONE PANNELLO",B0,,48,0,,1.44000,
21182,Elettrico-Elettronico,,,"PROLUNGA 220V 10A - CIABATTA UNIVERSALE",A0,,2,0,,7.80000,
21181,Elettrico-Elettronico,,,"PROLUNGA 220V 10A - CAVO PER ALIMENTAZIONE PANNELLO",B0,,30,0,,1.44000,
21180,Elettrico-Elettronico,,,"PROLUNGA 220V 10/16A - 10/16A",A0,,14,0,,45.36000,
21179,Elettrico-Elettronico,,,"PROGRAMMATORE SETTIMANALE ELETTRONICO 220 VAC TIPO FINDER 12218230",E4,,4,0,,45.36000,
21178,Elettrico-Elettronico,,,"PROGRAMMATORE SETTIMANALE A CAVALLOTTI SPINA-PRESA 220 VAC TIPO VIMAR 1399",E4,,1,0,,45.36000,
21177,Elettrico-Elettronico,,,"PROGRAMMATORE SETTIMANALE A CAVALLOTTI 220 VAC TIPO THEBEN 1990008",E4,,1,0,,42.72000,
21176,Elettrico-Elettronico,,,"PROGRAMMATORE GIORNALIERO A CAVALLOTTI SPINA-PRESA 220 VAC TIPO VIMAR 1398",E4,,1,0,,31.68000,
21175,Elettrico-Elettronico,,,"PROGRAMMATORE GIORNALIERO A CAVALLOTTI 220 VAC TIPO THEBEN 1990008",E4,,1,0,,42.72000,
21174,Elettrico-Elettronico,,,"PRESSOSTATO PNEUMATICO 1NA+1NC 1-20 BAR ",R2,,0,0,,17.10000,
21173,Elettrico-Elettronico,,,"PRESSOSTATO OLEODINAMICO 1NA+1NC 1-115 BAR ",R2,,0,0,,30.17000,
21172,Elettrico-Elettronico,,,"PRESSOSTATO 1NC ?M",Y2,,3,0,,17.10000,
21171,Elettrico-Elettronico,,,"PRESSOSTATO 1NA ?M",Y2,,3,0,,17.10000,
21170,Elettrico-Elettronico,,,"PRESSACAVO IN PLASTICA PG 9 TIPO GW 52002 (CONF 50 PZ)",L4,,3,0,,22.32000,
21169,Elettrico-Elettronico,,,"PRESSACAVO IN PLASTICA PG 7 TIPO GW 52001 (CONF 50 PZ)",L4,,2,0,,22.32000,
21168,Elettrico-Elettronico,,,"PRESSACAVO IN PLASTICA PG 36 TIPO GW 52008 (CONF 25 PZ)",L4,,3,0,,30.72000,
21167,Elettrico-Elettronico,,,"PRESSACAVO IN PLASTICA PG 29 TIPO GW 52007 (CONF 25 PZ)",L4,,1,0,,28.20000,
21166,Elettrico-Elettronico,,,"PRESSACAVO IN PLASTICA PG 21 TIPO GW 52006 (CONF 25 PZ)",L4,,2,0,,28.20000,
21165,Elettrico-Elettronico,,,"PRESSACAVO IN PLASTICA PG 16 TIPO GW 52005 (CONF 25 PZ)",L4,,2,0,,25.56000,
21164,Elettrico-Elettronico,,,"PRESSACAVO IN PLASTICA PG 13,5 TIPO GW 52004 (CONF 25 PZ)",L4,,4,0,,25.56000,
21163,Elettrico-Elettronico,,,"PRESSACAVO IN PLASTICA PG 11 TIPO GW 52003 (CONF 25 PZ)",L4,,2,0,,25.56000,
21162,Elettrico-Elettronico,,,"PRESE PER SPINOTTO DI PROVA VIOLA Ø5",W1,,22,0,,0.70000,
21161,Elettrico-Elettronico,,,"PRESE PER SPINOTTO DI PROVA ROSSO Ø5",W1,,35,0,,0.70000,
21160,Elettrico-Elettronico,,,"PRESE PER SPINOTTO DI PROVA NERO Ø5",W1,,18,0,,0.70000,
21159,Elettrico-Elettronico,,,"PRESE PER SPINOTTO DI PROVA GIALLO Ø5",W1,,22,0,,0.70000,
21158,Elettrico-Elettronico,,,"PRESA VOLANTE 380 V CEE 3P+T IP44",M4,,4,0,,8.16000,
21157,Elettrico-Elettronico,,,"PRESA VOLANTE 380 V CEE 3P+N+T IP44",M4,,2,0,,8.16000,
21156,Elettrico-Elettronico,,,"PRESA VOLANTE 24 V CEE 2P IP44",L4,,0,0,,5.47000,
21155,Elettrico-Elettronico,,,"PRESA VOLANTE 220 V TIPO ALIMENTATORE PC",D2,,4,0,,3.07000,
21154,Elettrico-Elettronico,,,"PRESA VOLANTE 220 V CEE 2P+T IP44",M4,,5,0,,7.74000,
21153,Elettrico-Elettronico,,,"PRESA VOLANTE 220 V BIPASSO",D2,,31,0,,1.56000,
21152,Elettrico-Elettronico,,,"PRESA VOLANTE 220 V 10 A",D2,,16,0,,1.08000,
21151,Elettrico-Elettronico,,,"PRESA TV VOLANTE COASSIALE Z75? TIPO VIMAR 1643",E5,,22,0,,10.73000,
21150,Elettrico-Elettronico,,,"PRESA TV COASSIALE SEMPLICE (NO UE) TIPO VIMAR 8164",E5,,28,0,,10.73000,
21149,Elettrico-Elettronico,,,"PRESA TV COASSIALE PASSANTE (NO UE) TIPO VIMAR 8166",E5,,3,0,,10.73000,
21148,Elettrico-Elettronico,,,"PRESA TIPO F Z75? CONNETTORE COASSIALE TIPO VIMAR 8186",E5,,23,0,,10.73000,
21147,Elettrico-Elettronico,,,"PRESA TELEFONICA SIP RJ11 TIPO BTICINO ",F5,,3,0,,0.70000,
21146,Elettrico-Elettronico,,,"PRESA TELEFONICA SIP 3POLI CLASSICA TIPO BTICINO 2053",F5,,19,0,,4.38000,
21145,Elettrico-Elettronico,,,"PRESA RJ45 8 CONTATTI E MORSETTI A VITE TIPO VIMAR 8217",F5,,24,0,,10.54000,
21144,Elettrico-Elettronico,,,"PRESA RJ11 4 CONTATTI E MORSETTI A VITE TIPO VIMAR 8215",F5,,35,0,,10.54000,
21143,Elettrico-Elettronico,,,"PRESA PASSANTE TV-RD-SAT 20DB  TIPO VIMAR 8190.20",E5,,25,0,,9.18000,
21142,Elettrico-Elettronico,,,"PRESA PASSANTE TV-RD-SAT 10DB  TIPO VIMAR 8190.10",E5,,25,0,,7.82000,
21141,Elettrico-Elettronico,,,"PRESA DIRETTA TV-RD-SAT 1DB  TIPO VIMAR 8190.01",E5,,14,0,,7.82000,
21140,Elettrico-Elettronico,,,"PRESA CON INTERRUTTORE DI BLOCCO E FUSIBILI DI PROTEZIONE 380 V CEE 3P+T IP44 ",M4,,0,0,,31.56000,
21139,Elettrico-Elettronico,,,"PRESA CON INTERRUTTORE DI BLOCCO E FUSIBILI DI PROTEZIONE 380 V CEE 3P+N+T IP44 ",M4,,1,0,,31.56000,
21138,Elettrico-Elettronico,,,"PRESA CON INTERRUTTORE DI BLOCCO E FUSIBILI DI PROTEZIONE 24 V CEE 2P IP44 ",M4,,0,0,,28.20000,
21137,Elettrico-Elettronico,,,"PRESA CON INTERRUTTORE DI BLOCCO E FUSIBILI DI PROTEZIONE 220 V CEE 2P+T IP44 ",M4,,0,0,,28.20000,
21136,Elettrico-Elettronico,,,"PRESA 380 V CEE 3P+T IP44",M4,,2,0,,18.79000,
21135,Elettrico-Elettronico,,,"PRESA 380 V CEE 3P+N+T IP44",M4,,0,0,,18.79000,
21134,Elettrico-Elettronico,,,"PRESA 24 V MAGIC DI SICUREZZA 2P+T IRREVERSIBILE TIPO BTICINO 5300 NERO",I3,,34,0,,10.27000,
21133,Elettrico-Elettronico,,,"PRESA 24 V MAGIC DI SICUREZZA 2P+T IRREVERSIBILE TIPO BTICINO 5100 BIANCO",I3,,32,0,,10.27000,
21132,Elettrico-Elettronico,,,"PRESA 24 V CEE 2P IP44",M4,,1,0,,13.58000,
21131,Elettrico-Elettronico,,,"PRESA 220 V CEE 2P+T IP44",M4,,0,0,,10.38000,
21130,Elettrico-Elettronico,,,"PRESA 16A TIPO VIMAR 8143",F2,,87,0,,2.55600,
21129,Elettrico-Elettronico,,,"PRESA 10A+16A BIPASSO TIPO VIMAR 8145",F2,,67,0,,2.70000,
21128,Elettrico-Elettronico,,,"PRESA 10A TIPO VIMAR 8140",F2,,83,0,,2.18040,
21127,Elettrico-Elettronico,,,"PRESA 10A TIPO BTICINO MAGIC 5113",I3,,14,0,,2.83000,
21126,Elettrico-Elettronico,,,"POTENZIOMETRO LINEARE 470 K? 1/2W",U3,,10,0,,1.32000,
21125,Elettrico-Elettronico,,,"POTENZIOMETRO LINEARE 47 K? 1/2W",U3,,15,0,,1.18000,
21124,Elettrico-Elettronico,,,"POTENZIOMETRO LINEARE 4,7 K? 1/2W",U3,,15,0,,1.10000,
21123,Elettrico-Elettronico,,,"POTENZIOMETRO LINEARE 220 K? 1/2W",U3,,15,0,,1.10000,
21122,Elettrico-Elettronico,,,"POTENZIOMETRO LINEARE 2,2 K? 1/2W",U3,,15,0,,0.97000,
21121,Elettrico-Elettronico,,,"POTENZIOMETRO LINEARE 10 M? 1/2W",U3,,15,0,,0.97000,
21120,Elettrico-Elettronico,,,"POSTO ESTERNO AMPLIFICATO PER CITOFONIA TIPO URMET 5150/500",H2,,5,0,,41.59000,
21119,Elettrico-Elettronico,,,"POSTO ESTERNO AMPLIFICATO PER CITOFONIA TIPO URMET 5150/2",G2,,8,0,,41.59000,
21118,Elettrico-Elettronico,,,"POSTO ESTERNO AMPLIFICATO PER CITOFONIA TIPO COMELIT A716",I1,,9,0,,41.59000,
21117,Elettrico-Elettronico,,,"PORTATARGHETTA PER CONTATTORE DI POTENZA TIPO TMQ GRIGIO LA9 (CONF 100 PZ)",P3,,4,0,,0.02000,
21116,Elettrico-Elettronico,,,"PORTASTARTER IN PLASTICA BIANCO CON VITI",F1,,63,0,,0.77000,
21115,Elettrico-Elettronico,,,"PORTASCHEDE IN FERRO PER ESERCITAZIONI ELETTRONICA IN SCATOLA TRASORTO",V0,,22,0,,5.16000,
21113,Elettrico-Elettronico,,,"PORTASALDATORE IN LAMIERA PER ESERCITAZIONI ELETTRONICA IN SCATOLA TRASORTO",U0,,22,0,,3.84000,
21112,Elettrico-Elettronico,,,"PORTASALDATORE IN LAMIERA PER ESERCITAZIONI ELETTRONICA",V0,,0,0,Scatola,1.32000,
21111,Elettrico-Elettronico,,,"PORTALED Ø 5MM",U3,,50,0,,0.07000,
21110,Elettrico-Elettronico,,,"PORTALED COMPONIBILE Ø 6MM",U3,,50,0,,0.14000,
21109,Elettrico-Elettronico,,,"PORTALAMPADA VOLANTE E27 IN PLASTICA NERO",E1,,27,0,,1.07000,
21108,Elettrico-Elettronico,,,"PORTALAMPADA VOLANTE E27 IN PASTICA NERO CABLATO CON SPINA 10/16A PER PROVA DI  ESERCITAZIONI",V1,,5,0,,1.32000,
21106,Elettrico-Elettronico,,,"PORTALAMPADA VOLANTE E14 IN PASTICA NERO CABLATO PER PROVA DI  ESERCITAZIONI",V1,,2,0,,1.07000,
21105,Elettrico-Elettronico,,,"PORTALAMPADA G13 A VITE PER TUBI FLUORESCENTI",F1,,76,0,,1.44000,
21104,Elettrico-Elettronico,,,"PORTALAMPADA G10Q PER LAMPADE FLUORESCENTI ",E1,,50,0,,1.44000,
21103,Elettrico-Elettronico,,,"PORTALAMPADA G/GY PER LAMPADE ALOGENE ",E1,,50,0,,2.88000,
21102,Elettrico-Elettronico,,,"PORTALAMPADA E27 IN CERAMICA BIANCO CON STAFFETTA DI FISSAGGIO",E1,,26,0,,2.76000,
21101,Elettrico-Elettronico,,,"PORTALAMPADA E27 IN CERAMICA BIANCO",E1,,15,0,,1.10000,
21100,Elettrico-Elettronico,,,"PORTALAMPADA E14 IN CERAMICA BIANCO MONTATO SU SCATOLA TONDA",E1,,52,0,,1.10000,
21099,Elettrico-Elettronico,,,"PORTALAMPADA E14 IN CERAMICA BIANCO",E1,,18,0,,1.07000,
21098,Elettrico-Elettronico,,,"PORTAFUSIBILE VOLANTE IN PLASTICA NERO PER FUSIBILI 5X20",V2,,46,0,,1.07520,
21097,Elettrico-Elettronico,,,"PORTAFUSIBILE 1P PER FUSIBILI 5X20 E 6,3X32 TIPO VIMAR 8370",D3,,50,0,,5.59000,
21096,Elettrico-Elettronico,,,"PORTACARTELLINO NERO X CANALINE ASOLATE IN PLASTICA TIPO IBOCO DUCTAMARK1 07501 ",N1,,520,0,,0.96000,
21095,Elettrico-Elettronico,,,"PORTABATTERIA PER PILE 9 V A CLIPS CON ATTACCO CAVETTI",V1,,26,0,,3.96000,
21094,Elettrico-Elettronico,,,"PORTABATTERIA PER 4 PILE 1,5 V STILO IN LINEA IN PLASTICA NERO CON ATTACCO CLIPS",V1,,24,0,,3.84000,
21093,Elettrico-Elettronico,,,"PORTABATTERIA PER 2 PILE 1,5 V STILO IN LINEA IN PLASTICA NERO CON ATTACCO CAVETTI",V1,,7,0,,2.64000,
21092,Elettrico-Elettronico,,,"PORTA FUSIBILE MICROVETRO PER CS",W1,,22,0,,1.48000,
21091,Elettrico-Elettronico,,,"PORTA FUSIBILE MICROVETRO  DA PANNELLO",W1,,40,0,,0.55000,
21090,Elettrico-Elettronico,,,"PONTICELLO PER COLLEGAMENTO 10 MORSETTI WDU-WDK TIPO WEID WQV2,5/10",M1,,48,0,,0.55000,
21089,Elettrico-Elettronico,,,"PONTICELLO PER COLLEGAMENTO 10 MORSETTI SAK/DK",N1,,148,0,,0.53000,
21088,Elettrico-Elettronico,,,"PONTE DIODI DA SALDARE 6A",W1,,10,0,,0.53000,
21087,Elettrico-Elettronico,,,"PONTE DIODI DA SALDARE 5A",W1,,10,0,,0.38000,
21086,Elettrico-Elettronico,,,"PONTE DIODI DA SALDARE 4A",W1,,10,0,,0.38000,
21085,Elettrico-Elettronico,,,"PONTE DIODI DA SALDARE 1,5A",W1,,30,0,,0.38000,
21083,Elettrico-Elettronico,,,"PONTE DIODI CON FASTON 2A",W1,,7,0,,0.38000,
21084,Elettrico-Elettronico,,,"PONTE DIODI CON FASTON 6A",W1,,7,0,,0.38000,
21082,Elettrico-Elettronico,,,"PONTE DIODI CON FASTON 10A",W1,,10,0,,0.53000,
21081,Elettrico-Elettronico,,,"POMPETTA SUCCHIASTAGNO ANTISTATICA MANUALE TIPO VARI IN TASSELLO LEGNO",U0,,18,0,,15.12000,
21080,Elettrico-Elettronico,,,"POMPETTA SUCCHIASTAGNO ANTISTATICA MANUALE TIPO EWIG 323",U1,,25,0,,15.12000,
21079,Elettrico-Elettronico,,,"PLC 24 VCC 6 IN - 4 OUT A RELE ZELIO TIPO TELEMECANIQUE SR1A101BD",P6,,3,0,,107.52000,
21078,Elettrico-Elettronico,,,"PLAFONIERA PER TUBO FLUORESCENTE 2X36 W",I6,,1,0,,34.08000,
21077,Elettrico-Elettronico,,,"PLAFONIERA PER TUBO FLUORESCENTE 1X36 W",I6,,1,0,,27.12000,
21076,Elettrico-Elettronico,,,"PLAFONIERA PER TUBO FLUORESCENTE 1X15 W ENGIM PER ESERCITAZIONI 1°ANNO ",D5,,17,0,,10.32000,
21075,Elettrico-Elettronico,,,"PLACCA PER PULSANTIERA PER CITOFONIA IN ALLUMINIO 1 FILA TIPO URMET 725/55",H2,,6,0,,22.32000,
21074,Elettrico-Elettronico,,,"PLACCA BIANCA PER SERIE 8000 2 MODULO PER SUPPORTO CON GRAFFETTE TIPO VIMAR",D3,,4,0,,4.08000,
21073,Elettrico-Elettronico,,,"PLACCA BIANCA PER SERIE 8000 1 MODULO PER SUPPORTO CON GRAFFETTE TIPO VIMAR",D3,,2,0,,3.84000,
21070,Elettrico-Elettronico,,,"PISTOLA PER SILICONE IN CARTUCCIA",C2,,1,0,,7.68000,
21069,Elettrico-Elettronico,,,"PISTOLA PER SILICONE A CALDO",C2,,1,0,,17.16000,
21068,Elettrico-Elettronico,,,"PIOMBO PER LIVELLE VERTICALI",C2,,3,0,,3.84000,
21067,Elettrico-Elettronico,,,"PINZA PER RIVETTARE VARIABILE IN 3 ? Ø ",B2,,1,0,,19.80000,
21066,Elettrico-Elettronico,,,"PINZA PER PUNTALINI 1 - 6 MM TIPO CEMBRE MANICO ISOLATO VERDE",C2,,6,0,,43.68000,
21065,Elettrico-Elettronico,,,"PINZA PER PUNTALINI 0,5 - 4 MM TIPO CEMBRE MANICO ISOLATO GRIGIO",C2,,5,0,,43.68000,
21064,Elettrico-Elettronico,,,"PINZA PER PUNTALINI 0,25 - 10 MM TIPO BM MANICO ISOLATO GIALLO VERDE",C2,,1,0,,39.12000,
21063,Elettrico-Elettronico,,,"PINZA PER CRIMPARE  4 - 6 - 8 PLUG WEIDMULLER REDLINE 864",C2,,1,0,,89.76000,
21062,Elettrico-Elettronico,,,"PINZA PER CRIMPARE  4 - 6 - 8 PLUG MERLONI  ART.68696",C2,,8,0,,82.44000,
21061,Elettrico-Elettronico,,,"PINZA PER CAPOCORDA 1,5-6 MM TIPO LEGGERO",C2,,3,0,,79.80000,
21060,Elettrico-Elettronico,,,"PINZA PER CAPOCORDA 0,25-6 MM TIPO CEMBRE MANICO ISOLATO ARANCIO",C2,,7,0,,79.80000,
21059,Elettrico-Elettronico,,,"PINZA PER CAPOCORDA 0,22-10 MM TIPO NERO",C2,,3,0,,29.16000,
21058,Elettrico-Elettronico,,,"PINZA CON MANICO ISOLATO UNIVERSALE 160/180MM ",B3,,41,0,,9.84000,
21057,Elettrico-Elettronico,,,"PINZA CON MANICO ISOLATO A PUNTA TONDA",B3,,24,0,,11.52000,
21056,Elettrico-Elettronico,,,"PINZA CON MANICO ISOLATO A BECCO PIATTO PIEGATA 45° 160-180 MM",C3,,8,0,,11.52000,
21055,Elettrico-Elettronico,,,"PINZA CON MANICO ISOLATO A BECCO PIATTO PIEGATA 45° 160 MM KARAT",C3,,25,0,,11.52000,
21054,Elettrico-Elettronico,,,"PINZA CON MANICO ISOLATO A BECCO PIATTO IN TASSELLO LEGNO",C3,,18,0,,10.44000,
21053,Elettrico-Elettronico,,,"PINZA AMPEROMETRICA TIPO MULTIMETRIX  CM610",C4,,1,0,,103.73000,
21052,Elettrico-Elettronico,,,"PINZA AMPEROMETRICA TIPO MULTIMETRIX  CM600",C4,,1,0,,103.73000,
21051,Elettrico-Elettronico,,,"PINZA AMPEROMETRICA TIPO ICE AMPERCLAMP",C4,,3,0,,118.13000,
21050,Elettrico-Elettronico,,,"PINZA AMPEROMETRICA TIPO ASIAITALIA MCP3",C4,,1,0,,118.13000,
21049,Elettrico-Elettronico,,,"PILA PORTATILE A BATTERIE PER ILLUMINAZIONE TIPO PHILIPS  ",B2,,1,0,,17.20000,
21048,Elettrico-Elettronico,,,"PIETRA D' INDIA PER SMUSSARE",B2,,1,0,,5.33000,
21047,Elettrico-Elettronico,,,"PIEGATUBI PER TUBI METALLICI",B2,,3,0,,11.86000,
21046,Elettrico-Elettronico,,,"PIASTRINA DI GIUNZIONE E VITERIA PER COLLEGAMENTO CANALINA METALLICA TIPO ZAMET",L7,,37,0,,5.04000,
21045,Elettrico-Elettronico,,,"PIASTRA VETRORESINA PRESENSIBILIZZATA POSITIVAMENTE PER FOTOINCISIONE PISTE C.S.",U6,,5,0,,4.20000,
21044,Elettrico-Elettronico,,,"PIASTRA VETRORESINA 1 LATO RAME PER REALIZZO PISTE C.S.",U6,,8,0,,2.82000,
21043,Elettrico-Elettronico,,,"PIASTRA TERMINALE PER MORSETTO SINGOLO WEID WDU2,5 TIPO WAP2,5/4/6/10",M1,,116,0,,0.53000,
21042,Elettrico-Elettronico,,,"PIASTRA TERMINALE PER MORSETTO SINGOLO GRANDE WEID WTW TIPO WAP16/35-WTW2,5/4/6/10",M1,,56,0,,0.53000,
21041,Elettrico-Elettronico,,,"PIASTRA TERMINALE PER MORSETTO SINGOLO CONTACLIP RK2,5-4 TIPO AP2,5-10",N1,,21,0,,0.53000,
21040,Elettrico-Elettronico,,,"PIASTRA TERMINALE PER MORSETTO DOPPIO WEID WDK TIPO WAP/WDK2,5",M1,,121,0,,0.53000,
21039,Elettrico-Elettronico,,,"PIASTRA TERMINALE PER MORSETTO DOPPIO CONTACLIP RKD4 TIPO AP4",N1,,28,0,,0.53000,
21037,Elettrico-Elettronico,,,"PIASTRA MILLEFORI 1 LATO RAME 100 X 220 MM PER C.S.",U2,,13,0,,4.13000,
21036,Elettrico-Elettronico,,,"PIASTRA MILLEFORI 1 LATO RAME 100 X 160 MM PER C.S.",U2,,33,0,,3.54000,
21035,Elettrico-Elettronico,,,"PIANO DI RISCONTRO PER TRACCIATURE AL TRUSCHINO",A1,,1,0,,55.68000,
21034,Elettrico-Elettronico,,,"PENNELLO IN SETOLA TONDO Ø 10 MM",A1,,2,0,,1.68000,
21033,Elettrico-Elettronico,,,"PENNELL0 IN SETOLA 40 MM",A1,,1,0,,2.88000,
21032,Elettrico-Elettronico,,,"PENNELL0 IN SETOLA 30 MM",A1,,1,0,,1.92000,
21031,Elettrico-Elettronico,,,"PENNARELLO PUNTA FINE PER SCRITTURA SIGLA MORSETTIERA",N1,,1,0,,0.72000,
21029,Elettrico-Elettronico,,,"PARABOLA PER IMPIANTO SATELLITARE Ø 80 CM BIANCA CON STAFFE TIPO IARE 9015/B",E6,,1,0,,29.47000,
21028,Elettrico-Elettronico,,,"PARABOLA PER IMPIANTO SATELLITARE Ø 100 CM ALLUMINIO COLORE TIPO IARE 9008/G",E6,,1,0,,32.56000,
21027,Elettrico-Elettronico,,,"PANNELLO OPERATORE 2X40  PER VISIONE",P6,,1,0,,362.22000,
21026,Elettrico-Elettronico,,,"PANNELLO OPERATORE 2X40",P6,,0,0,,434.54000,
21025,Elettrico-Elettronico,,,"PALETTA PLASTICA PER RACCOLTA SPAZZATURA",C1,,2,0,,3.01000,
21024,Elettrico-Elettronico,,,"OSCILLOSCOPIO TIPO TEKTRONIX 2225",C6,,1,0,,559.56000,
21023,Elettrico-Elettronico,,,"OSCILLOSCOPIO TIPO IWATSU SS5702",C6,,3,0,,559.56000,
21022,Elettrico-Elettronico,,,"OSCILLOSCOPIO TIPO INSTEK GOS-620FG",A6/B6,,12,0,,559.56000,
21021,Elettrico-Elettronico,,,"NASTRATRICE PER IMBALLO SCATOLONI",B3,,1,0,,14.76000,
21020,Elettrico-Elettronico,,,"MULTIMETRO DIGITALE DA LABORATORIO TIPO TOPWARD 1302",B5,,2,0,,268.08000,
21019,Elettrico-Elettronico,,,"MOTORE 380 VAC SMONTATO PER DIDATTICA ",O6,,1,0,,147.00000,
21018,Elettrico-Elettronico,,,"MOTORE 380 VAC PER AVVIAMENTO DIRETTO CON FLANGIA TIPO ZSE 3AP63-4",O6,,1,0,,159.84000,
21017,Elettrico-Elettronico,,,"MOTORE 380 VAC 2/4 POLI PER DOPPIA VELOCITA' CON FLANGIA TIPO CARPANELLI M63B2/4",O6,,0,0,,175.80000,
21016,Elettrico-Elettronico,,,"MOTORE 24 VCC 250 W CON DINAMO TACHIMETRICA TIPO MST SMONTATO PER DIDATTICA ",O6,,1,0,,147.06000,
21015,Elettrico-Elettronico,,,"MOTORE 24 VCC 250 W CON DINAMO TACHIMETRICA TIPO MST",O6,,1,0,,147.06000,
21014,Elettrico-Elettronico,,,"MOTORE 24 VCC 200 W CON DINAMO TACHIMETRICA TIPO DRIVE SYSTEM",O6,,1,0,,147.06000,
21013,Elettrico-Elettronico,,,"MOTORE 220 VAC SMONTATO PER DIDATTICA ",O6,,1,0,,29.59000,
21012,Elettrico-Elettronico,,,"MOTORE 220 VAC 5 W PER VENTILAZIONE",O6,,1,0,,29.59000,
21011,Elettrico-Elettronico,,,"MOTORE 2,5 VCC 200 STEPS TIPO SUPERIOR ELECTRIC",P6,,1,0,,21.86000,
21010,Elettrico-Elettronico,,,"MORSETTO PER CS 4P BLU",W1,,8,0,,0.26000,
21009,Elettrico-Elettronico,,,"MORSETTO PER CS 2P VERDE",W1,,20,0,,0.26000,
21008,Elettrico-Elettronico,,,"MORSETTO PER CS 2P NERO",W1,,26,0,,0.26000,
21007,Elettrico-Elettronico,,,"MORSETTO PER CS 2P BLU",W1,,15,0,,0.26000,
21006,Elettrico-Elettronico,,,"MORSETTO PER CS 2P BIANCO",W1,,15,0,,0.26000,
21005,Elettrico-Elettronico,,,"MORSETTO MAMMUT 12 POLI 6 MM IN POLIPROPILENE NERO (CONF 50 PZ)",D3,,1,0,,89.59000,
21004,Elettrico-Elettronico,,,"MORSETTO MAMMUT 12 POLI 6 MM IN POLIPROPILENE BIANCO (CONF 50 PZ) TIPO BM9202",D3,,1,0,,89.59000,
21003,Elettrico-Elettronico,,,"MORSETTO MAMMUT 12 POLI 4 MM IN POLIPROPILENE NERO (CONF 50 PZ)",D3,,1,0,,86.80000,
21002,Elettrico-Elettronico,,,"MORSETTO MAMMUT 12 POLI 4 MM IN POLIPROPILENE BIANCO (CONF 50 PZ) TIPO BM9201",D3,,1,0,,86.80000,
21001,Elettrico-Elettronico,,,"MORSETTO MAMMUT 12 POLI 10 MM IN POLIPROPILENE NERO (CONF 50 PZ)",D3,,1,0,,94.75000,
21000,Elettrico-Elettronico,,,"MORSETTO MAMMUT 12 POLI 10 MM IN POLIPROPILENE BIANCO (CONF 50 PZ) TIPO BM9203",D3,,0,0,,94.75000,
20999,Elettrico-Elettronico,,,"MORSETTO MAMMUT 12 POLI 1,5 MM IN POLIPROPILENE NERO (CONF 50 PZ)",D3,,1,0,,81.74000,
20998,Elettrico-Elettronico,,,"MORSETTO MAMMUT 12 POLI 1,5 MM IN POLIPROPILENE BIANCO (CONF 50 PZ) TIPO BM9200",D3,,11,0,,81.74000,
20997,Elettrico-Elettronico,,,"MORSETTO IN FERRO PER BLOCCAGGIO E LAVORAZIONI VARIE",C3,,5,0,,7.50000,
20996,Elettrico-Elettronico,,,"MORSETTO IN BLOCCO 10 PEZZI 2,5 MM PER MORSETTIERE",M1,,23,0,,39.90000,
20995,Elettrico-Elettronico,,,"MORSETTO COMPONIBILE X MORSETTIERE TRIPLO 2,5 MM TIPO WEID WLI2,5",M1,,76,0,,3.90000,
20994,Elettrico-Elettronico,,,"MORSETTO COMPONIBILE X MORSETTIERE SINGOLO TERRA G/V 6 MM TIPO WEID WPE6",M1,,63,0,,3.90000,
20993,Elettrico-Elettronico,,,"MORSETTO COMPONIBILE X MORSETTIERE SINGOLO TERRA G/V 4 MM TIPO WEID WPE4",M1,,46,0,,3.90000,
20992,Elettrico-Elettronico,,,"MORSETTO COMPONIBILE X MORSETTIERE SINGOLO TERRA G/V 2,5 MM TIPO WEID WPE2,5",M1,,16,0,,3.90000,
20991,Elettrico-Elettronico,,,"MORSETTO COMPONIBILE X MORSETTIERE SINGOLO 4 MM X GUIDA ""G1"" TIPO WEID SAK4",M1,,61,0,,3.90000,
20990,Elettrico-Elettronico,,,"MORSETTO COMPONIBILE X MORSETTIERE SINGOLO 4 MM TIPO WEID WDU4",M1,,44,0,,3.90000,
20989,Elettrico-Elettronico,,,"MORSETTO COMPONIBILE X MORSETTIERE SINGOLO 4 MM TIPO WEID SAK4/35",M1,,410,0,,3.90000,
20988,Elettrico-Elettronico,,,"MORSETTO COMPONIBILE X MORSETTIERE SINGOLO 2,5 MM TIPO WEID WDU2,5",M1,,578,0,,3.90000,
20987,Elettrico-Elettronico,,,"MORSETTO COMPONIBILE X MORSETTIERE SINGOLO 2,5 MM TIPO CONTACLIP RK2,5-4",N1,,230,0,,3.90000,
20986,Elettrico-Elettronico,,,"MORSETTO COMPONIBILE X MORSETTIERE PORTAFUSIBILE 5X20 6 MM TIPO WEID WSI6",M1,,45,0,,3.90000,
20985,Elettrico-Elettronico,,,"MORSETTO COMPONIBILE X MORSETTIERE PORTAFUSIBILE 5X20 4 MM TIPO WEID ASK1",M1,,221,0,,3.90000,
20984,Elettrico-Elettronico,,,"MORSETTO COMPONIBILE X MORSETTIERE PORTAFUSIBILE 5X20 4 MM TIPO CONTACLIP STK1",N1,,96,0,,3.90000,
20983,Elettrico-Elettronico,,,"MORSETTO COMPONIBILE X MORSETTIERE DOPPIO CON DIODO 4 MM TIPO WEID DK4LD",M1,,76,0,,3.90000,
20982,Elettrico-Elettronico,,,"MORSETTO COMPONIBILE X MORSETTIERE DOPPIO CON DIODO 2,5 MM TIPO WEID WDK2,51D",M1,,58,0,,3.90000,
20981,Elettrico-Elettronico,,,"MORSETTO COMPONIBILE X MORSETTIERE DOPPIO 4 MM X GUIDA ""G1"" TIPO WEID DK4",M1,,20,0,,3.90000,
20980,Elettrico-Elettronico,,,"MORSETTO COMPONIBILE X MORSETTIERE DOPPIO 4 MM TIPO WEID DK4/35",M1,,156,0,,3.90000,
20979,Elettrico-Elettronico,,,"MORSETTO COMPONIBILE X MORSETTIERE DOPPIO 2,5 MM TIPO WEID WDK2,5",M1,,112,0,,3.90000,
20978,Elettrico-Elettronico,,,"MORSETTO COMPONIBILE X MORSETTIERE DOPPIO 2,5 MM TIPO CONTACLIP RKD4",N1,,80,0,,3.90000,
20977,Elettrico-Elettronico,,,"MORSETTO A CAVALOTTO 4MA",X2,,20,0,,0.96000,
20976,Elettrico-Elettronico,,,"MORSETTO A CAPPUCCIO VOLANTE SEZIONI VARIE IN PLASTICA COLORATA",D3,,235,0,,8.28000,
20975,Elettrico-Elettronico,,,"MORSETTO A CAPPUCCIO VOLANTE 6 MM IN PLASTICA TRASPARENTE (CONF 10 PZ)",D3,,16,0,,0.87360,
20974,Elettrico-Elettronico,,,"MORSETTO A CAPPUCCIO VOLANTE 4 MM IN PLASTICA TRASPARENTE (CONF 10 PZ)",D3,,22,0,,0.77220,
20973,Elettrico-Elettronico,,,"MORSETTO A CAPPUCCIO VOLANTE 2,5 MM IN PLASTICA TRASPARENTE (CONF 10 PZ)",D3,,45,0,,0.92000,
20972,Elettrico-Elettronico,,,"MORSETTO A CAPPUCCIO VOLANTE 16 MM IN PLASTICA TRASPARENTE (CONF 10 PZ)",D3,,11,0,,2.12000,
20971,Elettrico-Elettronico,,,"MORSETTO A CAPPUCCIO VOLANTE 10 MM IN PLASTICA TRASPARENTE (CONF 10 PZ) ",D3,,24,0,,1.74180,
20970,Elettrico-Elettronico,,,"MORSETTO A CAPPUCCIO VOLANTE 1,5 MM IN PLASTICA TRASPARENTE (CONF 10 PZ)",D3,,44,0,,0.88000,
20969,Elettrico-Elettronico,,,"MORSETTO A CAPPUCCIO VOLANTE 1 MM IN PLASTICA TRASPARENTE (CONF 10 PZ)",D3,,0,0,,0.88000,
20968,Elettrico-Elettronico,,,"MORSA IN FERRO PORTA SCHEDE PER ESERCITAZIONI DI ELETTRONICA",U0,,16,0,,9.90000,
20967,Elettrico-Elettronico,,,"MORSA IN FERRO DA TRAPANO PER BLOCCAGGI VARI",C3,,1,0,,19.44000,
20966,Elettrico-Elettronico,,,"MONITOR PER VIDEOCITOFONIA SENTRY 4,5"" REFLEX BIANCO TIPO URMET 1704/10A",I2,,4,0,,134.90000,
20965,Elettrico-Elettronico,,,"MOLLA PIEGATUBO PER TUBO IN PLASTICA Ø 20 MM",B2,,2,0,,11.04000,
20964,Elettrico-Elettronico,,,"MOLLA PIEGATUBO PER TUBO IN PLASTICA Ø 16 MM",B2,,3,0,,11.04000,
20963,Elettrico-Elettronico,,,"MODULO RADIO RICEVENTE AD INNESTO 433,92MHZ TIPO CSI018002",F5,,0,0,,40.00000,
20962,Elettrico-Elettronico,,,"MODULO LED+DIODO PER BOBINA RELE TIPO FINDER 9901 60 VCC",P1,,20,0,,2.44000,
20961,Elettrico-Elettronico,,,"MODULO LED+DIODO PER BOBINA RELE TIPO FINDER 9901 24 VCC",P1,,34,0,,2.44000,
20960,Elettrico-Elettronico,,,"MODULO LED+DIODO PER BOBINA RELE TIPO FINDER 9901 110 VCC",P1,,6,0,,2.44000,
20959,Elettrico-Elettronico,,,"MODULO ATTIVATORE ATEL TIPO CSI012004",F5,,21,0,,26.52000,
20958,Elettrico-Elettronico,,,"MISURATORE DI TERRA TIPO SAMAR IMU500",C5,,1,0,,306.26000,
20957,Elettrico-Elettronico,,,"MISURATORE D' ISOLAMENTO TIPO SIPIE 951",C5,,1,0,,366.74000,
20956,Elettrico-Elettronico,,,"MICROPULSANTE 2CONTATTI IN SCAMBIO",W1,,18,0,,2.64000,
20955,Elettrico-Elettronico,,,"MICROINTERUTTORE A LEVETTA 2CONTATTI IN SCAMBIO",W1,,18,0,,2.64000,
20954,Elettrico-Elettronico,,,"MICROINTERUTTORE A LEVETTA 1CONTATTO IN SCAMBIO",W1,,8,0,,2.64000,
20953,Elettrico-Elettronico,,,"MICRO FINECORSA 1CONTATTO IN SCAMBIO",W1,,8,0,,4.32000,
20952,Elettrico-Elettronico,,,"METRO RETRATTIBILE 2/3 MT",A1,,11,0,,5.52000,
20951,Elettrico-Elettronico,,,"METRO PIEGHEVOLE IN LEGNO 2 MT",A1,,3,0,,2.83000,
20950,Elettrico-Elettronico,,,"MASCHERA PROTETTIVA PER POLVERI/VERNICIATURA",C2,,1,0,,0.79000,
20949,Elettrico-Elettronico,,,"MARTELLO PICCOLO DIMENSIONI",A2,,21,0,,5.59000,
20948,Elettrico-Elettronico,,,"MARTELLO MEDIE DIMENSIONI",A2,,17,0,,7.85000,
20947,Elettrico-Elettronico,,,"MARTELLO CON TESTA IN PLASTICA ",A2,,15,0,,10.66000,
20946,Elettrico-Elettronico,,,"MANOPOLA PER POTENZIOMETRI Ø6 NERO",W1,,6,0,,0.12000,
20945,Elettrico-Elettronico,,,"MANOPOLA PER POTENZIOMETRI Ø6 LUCIDO",W1,,6,0,,0.12000,
20943,Elettrico-Elettronico,,,"MANOMETRO 12 BAR 1/8""M VERTICALE",R3,,5,0,,7.44000,
20942,Elettrico-Elettronico,,,"MANOMETRO 12 BAR 1/8""M ORIZZONTALE",R3,,6,0,,7.44000,
20941,Elettrico-Elettronico,,,"MANIGLIA PER CALOTTA 48 POLI (24X2) PER CONNETTORI FISSA ESTERNO TIPO ILME",M5,,0,0,Scatola,2.76000,
20940,Elettrico-Elettronico,,,"LUCCHETTO A GANCIO 25 MM TIPO VIRO/FAI",A3,,6,0,,6.72000,
20939,Elettrico-Elettronico,,,"LUCCHETTO A GANCIO 20 MM TIPO CORBIN",A3,,3,0,,6.72000,
20938,Elettrico-Elettronico,,,"LUCCHETTO A CILINDRO Ø 20 MM TIPO VIRO 1054",A3,,6,0,,8.16000,
20937,Elettrico-Elettronico,,,"LUCCHETTO A CILINDRO Ø 18 MM TIPO IBFM",A3,,9,0,,8.16000,
20936,Elettrico-Elettronico,,,"LNB UNIVERSALE SINGOLA UTENZA ANL/DIG TIPO HUMAX 110",E5,,3,0,,39.84000,
20935,Elettrico-Elettronico,,,"LNB UNIVERSALE DOPPIA UTENZA ANL/DIG TIPO HUMAX 120",E5,,1,0,,39.84000,
20934,Elettrico-Elettronico,,,"LNB UNIVERSALE 2LOW+2HIGHT BANDA PER IMPIANTI MULTIUTENZE TIPO HUMAX 104",E5,,4,0,,39.84000,
20933,Elettrico-Elettronico,,,"LIMITATORE DI TENSIONE SCUDO TIPO VIMAR 8376",D3,,50,0,,39.84000,
20932,Elettrico-Elettronico,,,"LIMA TRIANGOLARE 7 MM",A2,,2,0,,10.66000,
20931,Elettrico-Elettronico,,,"LIMA TRIANGOLARE 20 MM",A2,,1,0,,10.66000,
20930,Elettrico-Elettronico,,,"LIMA TRIANGOLARE 14 MM",A2,,4,0,,10.66000,
20929,Elettrico-Elettronico,,,"LIMA TONDA Ø 8 MM",A2,,2,0,,10.66000,
20928,Elettrico-Elettronico,,,"LIMA TONDA Ø 6 MM",A2,,30,0,,10.66000,
20927,Elettrico-Elettronico,,,"LIMA TONDA Ø 12 MM",A2,,1,0,,10.66000,
20926,Elettrico-Elettronico,,,"LIMA QUADRATA 6 MM",A2,,1,0,,9.86000,
20925,Elettrico-Elettronico,,,"LIMA QUADRATA 10 MM",A2,,1,0,,9.86000,
20924,Elettrico-Elettronico,,,"LIMA PIATTA 25 X 6 MM",A2,,5,0,,9.86000,
20923,Elettrico-Elettronico,,,"LIMA PIATTA 20 X 5 MM",A2,,27,0,,9.86000,
20922,Elettrico-Elettronico,,,"LIMA MEZZATONDA 24 MM",A2,,6,0,,9.88000,
20921,Elettrico-Elettronico,,,"LIMA MEZZATONDA 10 MM",A2,,2,0,,9.88000,
20920,Elettrico-Elettronico,,,"LAMPEGGIATORE PER LAMPADA Ø 22 MM TIPO BRETER RM600",N6,,7,0,,15.12000,
20919,Elettrico-Elettronico,,,"LAMPEGGIATORE GIALLO 220 V PER CANCELLO AUTOMATICO TIPO NICE LUCY",D6,,4,0,,28.20000,
20916,Elettrico-Elettronico,,,"LAMPADA RETTANGOLARE PLAFONIERA PER ESTERNO TIPO GW1098",G1,,4,0,,11.11000,
20915,Elettrico-Elettronico,,,"LAMPADA PORTATILE PER MANUTENZIONE A TUBO FLUORESCENTE  ",A1,,1,0,,2.82000,
20914,Elettrico-Elettronico,,,"LAMPADA OVALE PLAFONIERA PER ESTERNO TIPO LEGRAND 60415",H1,,17,0,,4.96800,
20913,Elettrico-Elettronico,,,"LAMPADA Ø 22 MM TIPO TELEMECANIQUE ZB4BV6",M6,,11,0,,2.81000,
20912,Elettrico-Elettronico,,,"LAMPADA Ø 22 MM TIPO BRETER RM600",N6,,148,0,,2.81000,
20911,Elettrico-Elettronico,,,"LAMPADA DI EMERGENZA NON PERMANENETE CON TUBO 6W TIPO BEGHELLI 856SE2P",G1,,3,0,,79.48000,
20910,Elettrico-Elettronico,,,"KIT DIDATTICO S7",P6,,1,0,,66.12000,
20909,Elettrico-Elettronico,,,"INVERTITORE TIPO VIMAR 8013",E2,,101,0,,8.93000,
20908,Elettrico-Elettronico,,,"INTERRUTTORE UNIPOLARE TIPO VIMAR 8000",E2,,53,0,,1.51560,
20907,Elettrico-Elettronico,,,"INTERRUTTORE UNIPOLARE LUMINOSO TIPO VIMAR 8037",F2,,81,0,,4.38000,
20906,Elettrico-Elettronico,,,"INTERRUTTORE UNIPOLARE A CHIAVE TIPO VIMAR 8380.S",E2,,45,0,,10.14000,
20905,Elettrico-Elettronico,,,"INTERRUTTORE CREPUSCOLARE 220VAC TIPO MOLVENO COMETTI 5145.2",F4,,17,0,,17.69000,
20904,Elettrico-Elettronico,,,"INTERRUTTORE CREPUSCOLARE 220VAC TIPO FINDER 14418230",F4,,25,0,,17.69000,
20903,Elettrico-Elettronico,,,"INTERRUTTORE CREPUSCOLARE 220VAC TIPO FINDER 10328230",F4,,7,0,,17.69000,
20902,Elettrico-Elettronico,,,"INTERRUTTORE CREPUSCOLARE 220VAC SU SCATOLA TONDA Ø 70 MM TIPO ENGIM",F4,,28,0,,17.69000,
20901,Elettrico-Elettronico,,,"INTERRUTTORE BLOCCO PORTA TRIPOLARE TIPO VEBER VB500800",L6,,0,0,,43.45000,
20899,Elettrico-Elettronico,,,"INTERRUTTORE BIPOLARE TIPO VIMAR 8016",E2,,9,0,,5.49600,
20898,Elettrico-Elettronico,,,"INTERRUTTORE BIPOLARE LUMINOSO TIPO VIMAR 8039",F2,,75,0,,5.09000,
20897,Elettrico-Elettronico,,,"INTERRUTTORE AUTOMATICO MAGNETOTERMICO UNIPOLARE 6 A ",O5,,2,0,,17.59000,
20896,Elettrico-Elettronico,,,"INTERRUTTORE AUTOMATICO MAGNETOTERMICO UNIPOLARE 5 A ",O5,,3,0,,17.59000,
20895,Elettrico-Elettronico,,,"INTERRUTTORE AUTOMATICO MAGNETOTERMICO UNIPOLARE 40 A ",O5,,0,0,,22.26000,
20894,Elettrico-Elettronico,,,"INTERRUTTORE AUTOMATICO MAGNETOTERMICO UNIPOLARE 4 A ",O5,,0,0,,17.59000,
20893,Elettrico-Elettronico,,,"INTERRUTTORE AUTOMATICO MAGNETOTERMICO UNIPOLARE 32 A ",O5,,0,0,,19.86000,
20892,Elettrico-Elettronico,,,"INTERRUTTORE AUTOMATICO MAGNETOTERMICO UNIPOLARE 3 A ",O5,,4,0,,17.59000,
20891,Elettrico-Elettronico,,,"INTERRUTTORE AUTOMATICO MAGNETOTERMICO UNIPOLARE 25 A ",O5,,0,0,,17.59000,
20890,Elettrico-Elettronico,,,"INTERRUTTORE AUTOMATICO MAGNETOTERMICO UNIPOLARE 20 A ",O5,,2,0,,17.59000,
20889,Elettrico-Elettronico,,,"INTERRUTTORE AUTOMATICO MAGNETOTERMICO UNIPOLARE 2 A ",O5,,3,0,,15.11000,
20888,Elettrico-Elettronico,,,"INTERRUTTORE AUTOMATICO MAGNETOTERMICO UNIPOLARE 16 A ",O5,,2,0,,16.39000,
20887,Elettrico-Elettronico,,,"INTERRUTTORE AUTOMATICO MAGNETOTERMICO UNIPOLARE 15 A ",O5,,0,0,,15.11000,
20886,Elettrico-Elettronico,,,"INTERRUTTORE AUTOMATICO MAGNETOTERMICO UNIPOLARE 13 A ",O5,,2,0,,15.11000,
20885,Elettrico-Elettronico,,,"INTERRUTTORE AUTOMATICO MAGNETOTERMICO UNIPOLARE 10 A ",O5,,5,0,,15.11000,
20884,Elettrico-Elettronico,,,"INTERRUTTORE AUTOMATICO MAGNETOTERMICO UNIPOLARE 1 A ",O5,,2,0,,15.11000,
20883,Elettrico-Elettronico,,,"INTERRUTTORE AUTOMATICO MAGNETOTERMICO UNIPOLARE 0,5 A ",O5,,2,0,,15.11000,
20882,Elettrico-Elettronico,,,"INTERRUTTORE AUTOMATICO MAGNETOTERMICO TRIPOLARE 50 A ",O5,,1,0,,53.59000,
20881,Elettrico-Elettronico,,,"INTERRUTTORE AUTOMATICO MAGNETOTERMICO TRIPOLARE 40 A ",O5,,0,0,,38.47000,
20880,Elettrico-Elettronico,,,"INTERRUTTORE AUTOMATICO MAGNETOTERMICO TRIPOLARE 32 A ",O5,,1,0,,34.15000,
20879,Elettrico-Elettronico,,,"INTERRUTTORE AUTOMATICO MAGNETOTERMICO TRIPOLARE 3 A ",O5,,1,0,,22.75000,
20878,Elettrico-Elettronico,,,"INTERRUTTORE AUTOMATICO MAGNETOTERMICO TRIPOLARE 25 A ",O5,,2,0,,22.39000,
20877,Elettrico-Elettronico,,,"INTERRUTTORE AUTOMATICO MAGNETOTERMICO TRIPOLARE 20 A ",O5,,0,0,,21.46000,
20876,Elettrico-Elettronico,,,"INTERRUTTORE AUTOMATICO MAGNETOTERMICO TRIPOLARE 16 A ",O5,,0,0,,21.46000,
20875,Elettrico-Elettronico,,,"INTERRUTTORE AUTOMATICO MAGNETOTERMICO TRIPOLARE 15 A ",O5,,1,0,,21.46000,
20874,Elettrico-Elettronico,,,"INTERRUTTORE AUTOMATICO MAGNETOTERMICO TRIPOLARE 13 A ",O5,,0,0,,19.46000,
20873,Elettrico-Elettronico,,,"INTERRUTTORE AUTOMATICO MAGNETOTERMICO TRIPOLARE 10 A ",O5,,0,0,,19.46000,
20872,Elettrico-Elettronico,,,"INTERRUTTORE AUTOMATICO MAGNETOTERMICO QUADRIPOLARE 40 A ",O5,,1,0,,41.59000,
20871,Elettrico-Elettronico,,,"INTERRUTTORE AUTOMATICO MAGNETOTERMICO QUADRIPOLARE 32 A ",O5,,0,0,,35.20000,
20870,Elettrico-Elettronico,,,"INTERRUTTORE AUTOMATICO MAGNETOTERMICO QUADRIPOLARE 25 A ",O5,,0,0,,29.59000,
20869,Elettrico-Elettronico,,,"INTERRUTTORE AUTOMATICO MAGNETOTERMICO QUADRIPOLARE 20 A ",O5,,0,0,,29.59000,
20868,Elettrico-Elettronico,,,"INTERRUTTORE AUTOMATICO MAGNETOTERMICO QUADRIPOLARE 16 A ",O5,,1,0,,11.12400,
20867,Elettrico-Elettronico,,,"INTERRUTTORE AUTOMATICO MAGNETOTERMICO QUADRIPOLARE 15 A ",O5,,1,0,,22.39000,
20866,Elettrico-Elettronico,,,"INTERRUTTORE AUTOMATICO MAGNETOTERMICO QUADRIPOLARE 13 A ",O5,,0,0,,22.39000,
20865,Elettrico-Elettronico,,,"INTERRUTTORE AUTOMATICO MAGNETOTERMICO QUADRIPOLARE 10 A ",O5,,1,0,,22.39000,
20864,Elettrico-Elettronico,,,"INTERRUTTORE AUTOMATICO MAGNETOTERMICO DIFFERENZIALE VARI TIPI",O5,,11,0,,11.12400,
20863,Elettrico-Elettronico,,,"INTERRUTTORE AUTOMATICO  DIFFERENZIALE 220VAC TIPO MG23009",E4,,59,0,,26.88000,
20862,Elettrico-Elettronico,,,"INTERRUTTORE AUTOMATICO MAGNETOTERMICO BIPOLARE 6 A ",O5,,72,0,,5.88000,
20861,Elettrico-Elettronico,,,"INTERRUTTORE AUTOMATICO MAGNETOTERMICO BIPOLARE 5 A ",O5,,0,0,,15.11000,
20860,Elettrico-Elettronico,,,"INTERRUTTORE AUTOMATICO MAGNETOTERMICO BIPOLARE 40 A ",O5,,0,0,,19.82000,
20859,Elettrico-Elettronico,,,"INTERRUTTORE AUTOMATICO MAGNETOTERMICO BIPOLARE 4 A ",O5,,2,0,,15.11000,
20858,Elettrico-Elettronico,,,"INTERRUTTORE AUTOMATICO MAGNETOTERMICO BIPOLARE 32 A ",O5,,2,0,,19.82000,
20857,Elettrico-Elettronico,,,"INTERRUTTORE AUTOMATICO MAGNETOTERMICO BIPOLARE 3 A ",O5,,1,0,,15.11000,
20856,Elettrico-Elettronico,,,"INTERRUTTORE AUTOMATICO MAGNETOTERMICO BIPOLARE 25 A ",O5,,0,0,,19.82000,
20855,Elettrico-Elettronico,,,"INTERRUTTORE AUTOMATICO MAGNETOTERMICO BIPOLARE 20 A ",O5,,4,0,,19.82000,
20854,Elettrico-Elettronico,,,"INTERRUTTORE AUTOMATICO MAGNETOTERMICO BIPOLARE 2 A ",O5,,7,0,,15.11000,
20853,Elettrico-Elettronico,,,"INTERRUTTORE AUTOMATICO MAGNETOTERMICO BIPOLARE 16 A ",O5,,19,0,,5.88000,
20852,Elettrico-Elettronico,,,"INTERRUTTORE AUTOMATICO MAGNETOTERMICO BIPOLARE 15 A ",O5,,0,0,,15.11000,
20851,Elettrico-Elettronico,,,"INTERRUTTORE AUTOMATICO MAGNETOTERMICO BIPOLARE 13 A ",O5,,0,0,,15.11000,
20850,Elettrico-Elettronico,,,"INTERRUTTORE AUTOMATICO MAGNETOTERMICO BIPOLARE 10 A ",O5,,35,0,,5.88000,
20849,Elettrico-Elettronico,,,"INTERRUTTORE AUTOMATICO MAGNETOTERMICO BIPOLARE 1 A ",O5,,11,0,,15.11000,
20848,Elettrico-Elettronico,,,"INTERRUTTORE AUTOMATICO MAGNETOTERMICO BIPOLARE 0,5 A ",O5,,0,0,,15.11000,
20847,Elettrico-Elettronico,,,"INTERRUTTORE A PERELLA TIPO VIMAR PASSANTE PLASTICA NERO",E2,,9,0,,4.38000,
20846,Elettrico-Elettronico,,,"INTERRUTTORE A PERELLA TIPO UR PASSANTE PLASTICA NERO",E2,,5,0,,4.38000,
20845,Elettrico-Elettronico,,,"INTEGRATO TL061",W2,,8,0,,2.76000,
20844,Elettrico-Elettronico,,,"INTEGRATO TIP32C",W2,,5,0,,2.76000,
20843,Elettrico-Elettronico,,,"INTEGRATO TIL113",W2,,12,0,,2.76000,
20842,Elettrico-Elettronico,,,"INTEGRATO TIL111",W2,,20,0,,2.76000,
20841,Elettrico-Elettronico,,,"INTEGRATO TDA2030",W2,,4,0,,2.76000,
20840,Elettrico-Elettronico,,,"INTEGRATO NE556",W2,,8,0,,2.76000,
20839,Elettrico-Elettronico,,,"INTEGRATO NE555",W2,,18,0,,2.76000,
20838,Elettrico-Elettronico,,,"INTEGRATO NE5532",W2,,4,0,,2.76000,
20837,Elettrico-Elettronico,,,"INTEGRATO MC3011",W2,,3,0,,2.76000,
20836,Elettrico-Elettronico,,,"INTEGRATO MC3006",W2,,1,0,,2.76000,
20835,Elettrico-Elettronico,,,"INTEGRATO MC3001",W2,,1,0,,2.76000,
20834,Elettrico-Elettronico,,,"INTEGRATO LM747",W2,,12,0,,2.76000,
20833,Elettrico-Elettronico,,,"INTEGRATO LM741",W2,,18,0,,2.76000,
20832,Elettrico-Elettronico,,,"INTEGRATO LM723",W2,,30,0,,2.76000,
20831,Elettrico-Elettronico,,,"INTEGRATO LM358",W2,,15,0,,2.76000,
20830,Elettrico-Elettronico,,,"INTEGRATO LM348",W2,,10,0,,2.76000,
20829,Elettrico-Elettronico,,,"INTEGRATO LM324",W2,,15,0,,2.76000,
20828,Elettrico-Elettronico,,,"INTEGRATO LM317",W2,,25,0,,2.76000,
20827,Elettrico-Elettronico,,,"INTEGRATO LM311",W2,,20,0,,2.76000,
20826,Elettrico-Elettronico,,,"INTEGRATO L7812 CONTENITORE T05",W1,,20,0,,2.76000,
20825,Elettrico-Elettronico,,,"INTEGRATO L317",W2,,12,0,,2.76000,
20824,Elettrico-Elettronico,,,"INTEGRATO L297",W2,,1,0,,2.76000,
20823,Elettrico-Elettronico,,,"INTEGRATO L292",W2,,3,0,,2.76000,
20822,Elettrico-Elettronico,,,"INTEGRATO L291",W2,,3,0,,2.76000,
20821,Elettrico-Elettronico,,,"INTEGRATO L290",W2,,3,0,,2.76000,
20820,Elettrico-Elettronico,,,"INTEGRATO L200",W2,,15,0,,2.76000,
20819,Elettrico-Elettronico,,,"INTEGRATO L123C",W2,,0,0,,2.76000,
20818,Elettrico-Elettronico,,,"INTEGRATO CD4555",W2,,2,0,,2.76000,
20817,Elettrico-Elettronico,,,"INTEGRATO CD4543",W2,,2,0,,2.76000,
20816,Elettrico-Elettronico,,,"INTEGRATO CD4518",W2,,20,0,,2.76000,
20815,Elettrico-Elettronico,,,"INTEGRATO CD4516",W2,,1,0,,2.76000,
20813,Elettrico-Elettronico,,,"INTEGRATO CD4511",W2,,18,0,,2.76000,
20814,Elettrico-Elettronico,,,"INTEGRATO CD4512",W2,,6,0,,2.76000,
20812,Elettrico-Elettronico,,,"INTEGRATO CD4099",W2,,6,0,,2.76000,
22193,Cancelleria,ERREBIAN,7072,"Carta a colori forti - assortiti 250 pz",A5,,1,0,"250 fogli",5.47000,
20811,Elettrico-Elettronico,,,"INTEGRATO CD4093",W2,,15,0,,2.76000,
20810,Elettrico-Elettronico,,,"INTEGRATO CD4070B",W2,,15,0,,2.76000,
20809,Elettrico-Elettronico,,,"INTEGRATO CD4069",W2,,5,0,,2.76000,
20808,Elettrico-Elettronico,,,"INTEGRATO CD4060",W2,,8,0,,2.76000,
20807,Elettrico-Elettronico,,,"INTEGRATO CD40192",W2,,8,0,,2.76000,
20806,Elettrico-Elettronico,,,"INTEGRATO CD4013",W2,,7,0,,2.76000,
20805,Elettrico-Elettronico,,,"INTEGRATO CD4011",W2,,12,0,,2.76000,
20804,Elettrico-Elettronico,,,"INTEGRATO CD40106",W2,,8,0,,2.76000,
20803,Elettrico-Elettronico,,,"INTEGRATO CA339",W2,,0,0,,2.76000,
20802,Elettrico-Elettronico,,,"INTEGRATO CA3162",W2,,20,0,,2.76000,
20801,Elettrico-Elettronico,,,"INTEGRATO CA3161",W2,,20,0,,2.76000,
20800,Elettrico-Elettronico,,,"INTEGRATO BDX54A",W2,,12,0,,2.76000,
20799,Elettrico-Elettronico,,,"INTEGRATO BDX53",W2,,6,0,,2.76000,
20798,Elettrico-Elettronico,,,"INTEGRATO BDW64C",W2,,12,0,,2.76000,
20797,Elettrico-Elettronico,,,"INTEGRATO BD645",W2,,18,0,,2.76000,
20796,Elettrico-Elettronico,,,"INTEGRATO 9368",W2,,12,0,,2.76000,
20795,Elettrico-Elettronico,,,"INTEGRATO 9030",W2,,2,0,,2.76000,
20794,Elettrico-Elettronico,,,"INTEGRATO 9027",W2,,1,0,,2.76000,
20793,Elettrico-Elettronico,,,"INTEGRATO 7915",W2,,15,0,,2.76000,
20792,Elettrico-Elettronico,,,"INTEGRATO 7912",W2,,15,0,,2.76000,
20791,Elettrico-Elettronico,,,"INTEGRATO 7905",W2,,8,0,,2.76000,
20790,Elettrico-Elettronico,,,"INTEGRATO 7824",W2,,20,0,,2.76000,
20789,Elettrico-Elettronico,,,"INTEGRATO 7815",W2,,8,0,,2.76000,
20788,Elettrico-Elettronico,,,"INTEGRATO 7812",W2,,15,0,,2.76000,
20787,Elettrico-Elettronico,,,"INTEGRATO 7805",W2,,20,0,,2.76000,
20786,Elettrico-Elettronico,,,"INTEGRATO 74LS85",W2,,1,0,,2.76000,
20785,Elettrico-Elettronico,,,"INTEGRATO 74LS76",W2,,6,0,,2.76000,
20784,Elettrico-Elettronico,,,"INTEGRATO 74LS74",W2,,6,0,,2.76000,
20783,Elettrico-Elettronico,,,"INTEGRATO 74LS51",W2,,6,0,,2.76000,
20782,Elettrico-Elettronico,,,"INTEGRATO 74LS48",W2,,12,0,,2.76000,
20781,Elettrico-Elettronico,,,"INTEGRATO 74LS38",W2,,6,0,,2.76000,
20780,Elettrico-Elettronico,,,"INTEGRATO 74LS374",W2,,1,0,,2.76000,
20779,Elettrico-Elettronico,,,"INTEGRATO 74LS32",W2,,1,0,,2.76000,
20778,Elettrico-Elettronico,,,"INTEGRATO 74LS266",W2,,8,0,,2.76000,
20777,Elettrico-Elettronico,,,"INTEGRATO 74LS244",W2,,4,0,,2.76000,
20776,Elettrico-Elettronico,,,"INTEGRATO 74LS240",W2,,4,0,,2.76000,
20775,Elettrico-Elettronico,,,"INTEGRATO 74LS221",W2,,6,0,,2.76000,
20774,Elettrico-Elettronico,,,"INTEGRATO 74LS169",W2,,6,0,,2.76000,
20773,Elettrico-Elettronico,,,"INTEGRATO 74LS13",W2,,12,0,,2.76000,
20772,Elettrico-Elettronico,,,"INTEGRATO 74LS125",W2,,3,0,,2.76000,
20771,Elettrico-Elettronico,,,"INTEGRATO 74LS05",W2,,6,0,,2.76000,
37828,Meccanico,,RCML400DIAM,"BOMBOLETTA SPRAY ML.400 DUPLICOLOR DIAMANT",,,1,0,Pz.,12.99960,
20770,Elettrico-Elettronico,,,"INTEGRATO 74LS04",W2,,12,0,,2.76000,
20769,Elettrico-Elettronico,,,"INTEGRATO 74LS02",W2,,25,0,,2.76000,
20768,Elettrico-Elettronico,,,"INTEGRATO 74LS00",W2,,20,0,,2.76000,
20767,Elettrico-Elettronico,,,"INTEGRATO 74HC86",W2,,10,0,,2.76000,
20766,Elettrico-Elettronico,,,"INTEGRATO 74HC27",W2,,8,0,,2.76000,
20765,Elettrico-Elettronico,,,"INTEGRATO 74HC20",W2,,6,0,,2.76000,
20764,Elettrico-Elettronico,,,"INTEGRATO 74HC175",W2,,8,0,,2.76000,
20763,Elettrico-Elettronico,,,"INTEGRATO 74HC14",W2,,4,0,,2.76000,
20762,Elettrico-Elettronico,,,"INTEGRATO 74HC10",W2,,4,0,,2.76000,
20760,Elettrico-Elettronico,,,"INTEGRATO 74HC04",W2,,8,0,,2.76000,
20761,Elettrico-Elettronico,,,"INTEGRATO 74HC08",W2,,12,0,,2.76000,
20759,Elettrico-Elettronico,,,"INTEGRATO 74HC02",W2,,4,0,,2.76000,
20758,Elettrico-Elettronico,,,"INTEGRATO 74C90",W2,,12,0,,2.76000,
20757,Elettrico-Elettronico,,,"INTEGRATO 74C48",W2,,12,0,,2.76000,
20756,Elettrico-Elettronico,,,"INTEGRATO 74C42",W2,,12,0,,2.76000,
20755,Elettrico-Elettronico,,,"INTEGRATO 74C14",W2,,6,0,,2.76000,
20754,Elettrico-Elettronico,,,"INTEGRATO 7446",W2,,8,0,,2.76000,
20752,Elettrico-Elettronico,,,"INTEGRATO 7417",W2,,12,0,,2.76000,
20753,Elettrico-Elettronico,,,"INTEGRATO 74192",W2,,3,0,,2.76000,
20751,Elettrico-Elettronico,,,"INTEGRATO 7416",W2,,4,0,,2.76000,
20750,Elettrico-Elettronico,,,"INTEGRATO 7404",W2,,3,0,,2.76000,
20749,Elettrico-Elettronico,,,"INTEGRATO 4N33",W2,,0,0,,2.76000,
20748,Elettrico-Elettronico,,,"INTEGRATO 4N25",W2,,0,0,,2.76000,
20747,Elettrico-Elettronico,,,"INDICATORE A CARTELLINO DI CHIAMATA 6 CIFRE 220VAC",E4,,10,0,,66.00000,
20746,Elettrico-Elettronico,,,"HELITRIM 500 K?",U3,,6,0,,2.69000,
20745,Elettrico-Elettronico,,,"HELITRIM 50 K?",U3,,6,0,,2.69000,
20744,Elettrico-Elettronico,,,"HELITRIM 5 K?",U3,,5,0,,2.69000,
20743,Elettrico-Elettronico,,,"HELITRIM 200 K?",U3,,6,0,,2.69000,
20742,Elettrico-Elettronico,,,"HELITRIM 20 K?",U3,,5,0,,2.69000,
20741,Elettrico-Elettronico,,,"HELITRIM 2 K?",U3,,5,0,,2.69000,
20740,Elettrico-Elettronico,,,"HELITRIM 100 K?",U3,,6,0,,2.69000,
20739,Elettrico-Elettronico,,,"HELITRIM 10 K?",U3,,5,0,,2.69000,
20738,Elettrico-Elettronico,,,"HELITRIM 1 K?",U3,,6,0,,2.69000,
20737,Elettrico-Elettronico,,,"GUIDA PROFILATA ? 3A - 3AF TRADIZIONALE ALTA BARRA 2 MT",N7/M7,,1,0,,11.04000,
20736,Elettrico-Elettronico,,,"GUIDA PROFILATA ? 3 - 3F TRADIZIONALE BASSA BARRA 2 MT",N7/M7,,10,0,,11.04000,
20735,Elettrico-Elettronico,,,"GUIDA PROFILATA ? 2F TRADIZIONALE PICCOLA BARRA 2 MT",N7/M7,,4,0,,9.12000,
20734,Elettrico-Elettronico,,,"GUIDA PROFILATA G1 - G1F TRADIZIONALE ""C"" BARRA 2 MT",N7/M7,,1,0,,10.32000,
20733,Elettrico-Elettronico,,,"GRUPPO PNEUMATICO FRL 3/8""",R1,,1,0,,54.79000,
20732,Elettrico-Elettronico,,,"GRUPPO PNEUMATICO FRL 1/8"" TIPO METALWORK 1224030",R1,,0,0,,54.79000,
20731,Elettrico-Elettronico,,,"GRUPPO PNEUMATICO FRL 1/4""",R1,,8,0,,54.79000,
20730,Elettrico-Elettronico,,,"GRUPPO FRONTALE+SCATOLA INCASSO PER VIDEOCITOFONIA 1 FILA TIPO URMET 725/601",H2,,4,0,,78.48000,
20729,Elettrico-Elettronico,,,"GONIOMETRO IN ACCIAIO PER TRACCIATURE",C2,,4,0,,26.76000,
20728,Elettrico-Elettronico,,,"GIRATUBI REGOLABILE CON GANASCE 45°",C2,,5,0,,22.20000,
20727,Elettrico-Elettronico,,,"GIRAMASCHI REGOLABILE A LEVA MISURE VARIE",A1,,4,0,,19.44000,
20726,Elettrico-Elettronico,,,"GIRAMASCHI A TUBO",A1,,1,0,,11.04000,
20725,Elettrico-Elettronico,,,"GIRAMASCHI A CRICCHETTO",A1,,2,0,,25.68000,
20724,Elettrico-Elettronico,,,"GHIERE PER POTENZIOMETRI",U3,,20,0,,0.60000,
20722,Elettrico-Elettronico,,,"GHIERA IN PLASTICA PG 9 (CONF 10 PZ)",L4,,0,0,,7.20000,
20721,Elettrico-Elettronico,,,"GHIERA IN PLASTICA PG 7 (CONF 10 PZ)",L4,,0,0,,7.20000,
20720,Elettrico-Elettronico,,,"GHIERA IN PLASTICA PG 36 (CONF 10 PZ)",L4,,3,0,,7.20000,
20719,Elettrico-Elettronico,,,"GHIERA IN PLASTICA PG 29 (CONF 10 PZ)",L4,,0,0,,7.20000,
20718,Elettrico-Elettronico,,,"GHIERA IN PLASTICA PG 21 (CONF 10 PZ)",L4,,3,0,,7.20000,
20717,Elettrico-Elettronico,,,"GHIERA IN PLASTICA PG 16 (CONF 10 PZ)",L4,,0,0,,7.20000,
20716,Elettrico-Elettronico,,,"GHIERA IN PLASTICA PG 13,5 (CONF 10 PZ)",L4,,0,0,,7.20000,
20715,Elettrico-Elettronico,,,"GHIERA IN PLASTICA PG 11 (CONF 10 PZ)",L4,,0,0,,7.20000,
20714,Elettrico-Elettronico,,,"GHIERA IN PLASTICA ½ GAS (CONF 10 PZ)",G3,,10,0,,7.20000,
20713,Elettrico-Elettronico,,,"GHIERA IN PLASTICA ? GAS (CONF 10 PZ)",G3,,3,0,,7.20000,
20712,Elettrico-Elettronico,,,"GENERATORE DI FUNZIONI TIPO TOPWARD FTG8104",B5,,1,0,,340.94000,
20711,Elettrico-Elettronico,,,"GENERATORE DI FUNZIONI TIPO TOPWARD FTG426",B5,,1,0,,340.94000,
20710,Elettrico-Elettronico,,,"GEMMA OPACA PER CORPO LAMPADA Ø 22 MM TIPO BRETER RM600",N6,,5,0,,0.79000,
20709,Elettrico-Elettronico,,,"GEMMA COLORATA VERDE PER CORPO LAMPADA Ø 22 MM TIPO BRETER RM600",N6,,1,0,,0.79000,
20708,Elettrico-Elettronico,,,"GEMMA COLORATA ROSSA PER CORPO LAMPADA Ø 22 MM TIPO BRETER RM600",N6,,50,0,,0.79000,
20707,Elettrico-Elettronico,,,"GEMMA COLORATA GIALLA PER CORPO LAMPADA Ø 22 MM TIPO BRETER RM600",N6,,12,0,,0.79000,
20706,Elettrico-Elettronico,,,"GEMMA COLORATA BLU PER CORPO LAMPADA Ø 22 MM TIPO BRETER RM600",N6,,1,0,,0.79000,
20705,Elettrico-Elettronico,,,"GEMMA COLORATA BIANCA PER CORPO LAMPADA Ø 22 MM TIPO BRETER RM600",N6,,1,0,,0.79000,
20704,Elettrico-Elettronico,,,"GEMMA COLORATA ARANCIO PER CORPO LAMPADA Ø 22 MM TIPO BRETER RM600",N6,,8,0,,0.79000,
20703,Elettrico-Elettronico,,,"FRESA TAZZA Ø 44 MM",C2,,1,0,,36.96000,
20702,Elettrico-Elettronico,,,"FRESA TAZZA Ø 40 MM",C2,,1,0,,36.96000,
20701,Elettrico-Elettronico,,,"FRESA TAZZA Ø 38 MM",C2,,1,0,,33.84000,
20700,Elettrico-Elettronico,,,"FRESA TAZZA Ø 35 MM",C2,,1,0,,33.84000,
20699,Elettrico-Elettronico,,,"FRESA TAZZA Ø 33 MM",C2,,1,0,,27.36000,
20698,Elettrico-Elettronico,,,"FRESA TAZZA Ø 32 MM",C2,,1,0,,27.36000,
20697,Elettrico-Elettronico,,,"FRESA TAZZA Ø 30 MM",C2,,2,0,,27.00000,
20696,Elettrico-Elettronico,,,"FRESA TAZZA Ø 27 MM",C2,,1,0,,22.08000,
20695,Elettrico-Elettronico,,,"FRESA TAZZA Ø 25 MM",C2,,1,0,,22.08000,
20694,Elettrico-Elettronico,,,"FRESA TAZZA Ø 23 MM",C2,,1,0,,20.52000,
20693,Elettrico-Elettronico,,,"FRESA TAZZA Ø 22 MM",C2,,4,0,,20.16000,
20692,Elettrico-Elettronico,,,"FRESA TAZZA Ø 20 MM",C2,,2,0,,20.16000,
20691,Elettrico-Elettronico,,,"FRESA TAZZA Ø 17 MM",C2,,1,0,,15.36000,
20690,Elettrico-Elettronico,,,"FRESA TAZZA Ø 16 MM",C2,,1,0,,13.32000,
20689,Elettrico-Elettronico,,,"FRESA PER SVASARE",B2,,1,0,,10.25000,
20688,Elettrico-Elettronico,,,"FRESA PER LEGNO VARIABILE 30 - 65 MM (5PZ)",C2,,1,0,,22.75000,
20687,Elettrico-Elettronico,,,"FRESA PER LAMARE",B2,,4,0,,7.80000,
20686,Elettrico-Elettronico,,,"FRESA PER CARTEGGIARE",B2,,2,0,,7.80000,
20685,Elettrico-Elettronico,,,"FRESA ALLARGAFORI 5 - 30 MM",C2,,1,0,,28.80000,
20684,Elettrico-Elettronico,,,"FRESA A CANDELA Ø VARI",B2,,7,0,,9.60000,
20683,Elettrico-Elettronico,,,"FOTORESISTENZA ",U3,,15,0,,1.44000,
20682,Elettrico-Elettronico,,,"FOTOCELLULA M18 TASTEGGIO DIRETTO ASIALE 100MT PNP NO TIPO SELET OCV81/DPNOC5",N4,,18,0,,50.76000,
20681,Elettrico-Elettronico,,,"FOTOCELLULA M18 TASTEGGIO DIRETTO ASIALE 100MT PNP NO CON CAVO TIPO SELET OCV81",N4,,2,0,,44.16000,
20680,Elettrico-Elettronico,,,"FOTOCELLULA M18 BARRIERA ASSIALE DI RICEVITORE TIPO SELET OCV81/BC3NO",N4,,3,0,,44.16000,
20679,Elettrico-Elettronico,,,"FOTOCELLULA M18 BARRIERA ASSIALE DI PROIETTORE TIPO SELET OCV81/PC3",N4,,2,0,,41.52000,
20678,Elettrico-Elettronico,,,"FOTOCELLULA (COPPIA) ORIENTABILE PER CANCELLO AUTOMATICO TIPO NICE MOFO con staf",D6,,4,0,,27.12000,
38075,Elettrico,,,"MORSETTIERE A VITE PVC 12 POLI mm.10",,,25,0,Pz.,0.57000,
20675,Elettrico-Elettronico,,,"FORBICE PER ELETTRICISTA TIPO ABC ",A3,,10,0,,9.00000,
20674,Elettrico-Elettronico,,,"FINECORSA PNEUMATICO 4/2 MON 1/4"" CON ATTUATORE A LEVA",S2,,2,0,,22.32000,
20673,Elettrico-Elettronico,,,"FINECORSA PNEUMATICO 3/2 MON 1/8"" CON ATTUATORE A PULSANTE",S2,,25,0,,22.32000,
20672,Elettrico-Elettronico,,,"FINECORSA PNEUMATICO 3/2 MON 1/8"" CON ATTUATORE A LEVA",S2,,17,0,,25.73000,
20671,Elettrico-Elettronico,,,"FINECORSA PNEUMATICO 3/2 MON 1/8"" CON ATTUATORE A DOPPIA LEVA",S2,,26,0,,26.95000,
20670,Elettrico-Elettronico,,,"FINECORSA PNEUMATICO 2/2 N.A. MON PER TUBO 2-4 CON ATTUATORE A LEVA",T2,,14,0,,26.95000,
20669,Elettrico-Elettronico,,,"FINECORSA PNEUMATICO 2/2 N.A. MON 1/8"" CON ATTUATORE A LEVA",T2,,30,0,,21.91000,
20668,Elettrico-Elettronico,,,"FINECORSA PNEUMATICO 2/2 N.A. MON 1/4"" CON ATTUATORE A LEVA",T2,,4,0,,21.91000,
20667,Elettrico-Elettronico,,,"FINECORSA IN PLATICA 1NA+1NC CAMMA A PULSANTE TIPO REITER TR102",Q6,,47,0,,25.56000,
20666,Elettrico-Elettronico,,,"FINECORSA IN PLATICA 1NA+1NC CAMMA A LEVA TIPO REITER TLA201",Q6,,19,0,,25.56000,
20665,Elettrico-Elettronico,,,"FINECORSA IN PLASTICA 1NA+1NC CAMMA A LEVA TIPO TELEMECANIQUE XCK-T121",Q6,,2,0,,29.52000,
20664,Elettrico-Elettronico,,,"FINECORSA IN PLASTICA 1NA+1NC CAMMA A LEVA TIPO TELEMECANIQUE XCK-P121",Q6,,1,0,,29.52000,
20663,Elettrico-Elettronico,,,"FINECORSA IN METALLO 1NA+1NC CAMMA A PULSANTE CON CAVO TIPO TELEMECANIQUE XCM",Q6,,6,0,,29.52000,
20662,Elettrico-Elettronico,,,"FINECORSA IN METALLO 1NA+1NC CAMMA A LEVA TIPO TELEMECANIQUE XCK-J",Q6,,23,0,,32.16000,
20661,Elettrico-Elettronico,,,"FINECORSA IN METALLO 1NA+1NC CAMMA A LEVA STABILE TIPO TELEMECANIQUE XCK-J",Q6,,18,0,,32.16000,
20660,Elettrico-Elettronico,,,"FINECORSA IN METALLO 1NA+1NC CAMMA A LEVA CON CAVO TIPO TELEMECANIQUE XCM",Q6,,1,0,,29.76000,
20659,Elettrico-Elettronico,,,"FINECORSA AM1 307K",W1,,3,0,,17.11000,
20657,Elettrico-Elettronico,,,"ENCODER TIPO ELCIS E5-500-5-BZ-CV-01",P6,,1,0,,151.51000,
20656,Elettrico-Elettronico,,,"ELETTROVALVOLA PNEUMATICA 5/3 BIS 1/8"" TIPO KUHNKE VERTICALE PER BASE",T3,,0,0,,30.96000,
20655,Elettrico-Elettronico,,,"ELETTROVALVOLA PNEUMATICA 5/3 BIS 1/8"" TIPO KUHNKE MONTAGGIO ORIZZONTALE",T3,,12,0,,30.96000,
20654,Elettrico-Elettronico,,,"ELETTROVALVOLA PNEUMATICA 5/3 BIS 1/4"" TIPO KUHNKE VERTICALE PER BASE",T3,,0,0,,34.08000,
20653,Elettrico-Elettronico,,,"ELETTROVALVOLA PNEUMATICA 5/3 BIS 1/4"" TIPO KUHNKE MONTAGGIO ORIZZONTALE",T3,,3,0,,34.08000,
20652,Elettrico-Elettronico,,,"ELETTROVALVOLA PNEUMATICA 5/2 MON 1/8"" TIPO KUHNKE VERTICALE PER BASE",T3,,26,0,,30.96000,
20651,Elettrico-Elettronico,,,"ELETTROVALVOLA PNEUMATICA 5/2 MON 1/8"" TIPO KUHNKE MONTAGGIO ORIZZONTALE",T3,,0,0,,30.96000,
20650,Elettrico-Elettronico,,,"ELETTROVALVOLA PNEUMATICA 5/2 MON 1/4"" TIPO KUHNKE VERTICALE PER BASE",T3,,0,0,,31.86000,
20649,Elettrico-Elettronico,,,"ELETTROVALVOLA PNEUMATICA 5/2 MON 1/4"" TIPO KUHNKE MONTAGGIO ORIZZONTALE",T3,,0,0,,31.86000,
20648,Elettrico-Elettronico,,,"ELETTROVALVOLA PNEUMATICA 5/2 BIS 1/8"" TIPO KUHNKE VERTICALE PER BASE",T3,,9,0,,29.52000,
20647,Elettrico-Elettronico,,,"ELETTROVALVOLA PNEUMATICA 5/2 BIS 1/8"" TIPO KUHNKE MONTAGGIO ORIZZONTALE",T3,,20,0,,29.52000,
20646,Elettrico-Elettronico,,,"ELETTROVALVOLA PNEUMATICA 5/2 BIS 1/4"" TIPO UNIVER",T3,,8,0,,31.86000,
20645,Elettrico-Elettronico,,,"ELETTROVALVOLA PNEUMATICA 5/2 BIS 1/4"" TIPO KUHNKE VERTICALE PER BASE",T3,,0,0,,31.86000,
20644,Elettrico-Elettronico,,,"ELETTROVALVOLA PNEUMATICA 5/2 BIS 1/4"" TIPO KUHNKE MONTAGGIO ORIZZONTALE",T3,,13,0,,31.86000,
20643,Elettrico-Elettronico,,,"ELETTROVALVOLA PNEUMATICA 3/2 MON 1/8"" TIPO KUHNKE VERTICALE PER BASE",T3,,0,0,,26.88000,
20642,Elettrico-Elettronico,,,"ELETTROVALVOLA PNEUMATICA 3/2 MON 1/8"" TIPO KUHNKE MONTAGGIO ORIZZONTALE",T3,,6,0,,26.88000,
20641,Elettrico-Elettronico,,,"ELETTROVALVOLA PNEUMATICA 3/2 MON 1/4"" TIPO UNIVER",T3,,5,0,,29.46000,
20640,Elettrico-Elettronico,,,"ELETTROVALVOLA PNEUMATICA 3/2 MON 1/4"" TIPO KUHNKE VERTICALE PER BASE",T3,,0,0,,29.46000,
20639,Elettrico-Elettronico,,,"ELETTROVALVOLA PNEUMATICA 3/2 MON 1/4"" TIPO KUHNKE MONTAGGIO ORIZZONTALE",T3,,13,0,,29.46000,
20638,Elettrico-Elettronico,,,"ELETTROVALVOLA PER GAS 2/2 BIS 3/4"" TIPO UNIVERSAL",S5,,5,0,,91.49000,
20637,Elettrico-Elettronico,,,"ELETTROSERRATURA 12 VAC TIPO YALE",D3,,2,0,,43.49000,
20636,Elettrico-Elettronico,,,"ELETTROSERRATURA 12 VAC TIPO CISA",D3,,1,0,,43.49000,
20635,Elettrico-Elettronico,,,"ELETTROPOMPA 220 VAC 80 W TIPO GRUNDFOS UP20-30N ",O6,,1,0,,171.19000,
20634,Elettrico-Elettronico,,,"DUSPOL ANALOGICO TIPO 050256",C4,,1,0,,65.47000,
20633,Elettrico-Elettronico,,,"DUSPOL A LEVA TIPO NERO PESANTE",C4,,5,0,,38.54000,
20632,Elettrico-Elettronico,,,"DUSPOL A LED TIPO UNITEST ",C4,,1,0,,14.83000,
20631,Elettrico-Elettronico,,,"DISTRIBUTORE PNEUMATICO 9 FORI NON COMUNICANTI 1/8""",R1,,1,0,,7.99000,
20630,Elettrico-Elettronico,,,"DISTRIBUTORE PNEUMATICO 8 FORI NON COMUNICANTI 1/8""",R1,,4,0,,7.99000,
20629,Elettrico-Elettronico,,,"DISTRIBUTORE PNEUMATICO 6 FORI NON COMUNICANTI 1/8""",R1,,6,0,,7.99000,
20628,Elettrico-Elettronico,,,"DISTRIBUTORE PNEUMATICO 6 FORI COMUNI 1/8""",R1,,18,0,,7.99000,
20627,Elettrico-Elettronico,,,"DISTRIBUTORE PNEUMATICO 6 FORI COMUNI 1/4""",R1,,12,0,,7.99000,
20626,Elettrico-Elettronico,,,"DISTRIBUTORE PNEUMATICO 4 FORI COMUNI 1/8""",R1,,42,0,,7.99000,
20625,Elettrico-Elettronico,,,"DISTRIBUTORE PNEUMATICO 4 FORI COMUNI 1/4""",R1,,0,0,,7.99000,
20624,Elettrico-Elettronico,,,"DISTRIBUTORE PNEUMATICO 2 FORI COMUNI 1/8""",R1,,0,0,,7.99000,
20623,Elettrico-Elettronico,,,"DISTRIBUTORE PNEUMATICO 2 FORI COMUNI 1/4""",R1,,18,0,,7.99000,
20622,Elettrico-Elettronico,,,"DISTANZIALI IN FERRO PER CILINDRI PNEUMATICI",R2,,88,0,,1.44000,
20621,Elettrico-Elettronico,,,"DISTANZIALI IN ALLUMINIO PER FINECORSA PNEUMATICI",R2,,162,0,,1.44000,
20620,Elettrico-Elettronico,,,"DISTANZIALE ESAGONALE IN OTTONE PER C.S. M3 M-M 70 MM (CONF 10 PZ)",V5,,5,0,,2.93000,
20619,Elettrico-Elettronico,,,"DISTANZIALE ESAGONALE IN OTTONE PER C.S. M3 M-M 65 MM (CONF 10 PZ)",V5,,5,0,,2.93000,
20618,Elettrico-Elettronico,,,"DISTANZIALE ESAGONALE IN OTTONE PER C.S. M3 M-M 60 MM (CONF 10 PZ)",V5,,7,0,,2.93000,
20617,Elettrico-Elettronico,,,"DISTANZIALE ESAGONALE IN OTTONE PER C.S. M3 M-M 55 MM (CONF 10 PZ)",V5,,10,0,,2.93000,
20616,Elettrico-Elettronico,,,"DISTANZIALE ESAGONALE IN OTTONE PER C.S. M3 M-M 50 MM (CONF 10 PZ)",V5,,9,0,,2.93000,
20615,Elettrico-Elettronico,,,"DISTANZIALE ESAGONALE IN OTTONE PER C.S. M3 M-M 5 MM (CONF 10 PZ)",V5,,0,0,,2.93000,
20614,Elettrico-Elettronico,,,"DISTANZIALE ESAGONALE IN OTTONE PER C.S. M3 M-M 45 MM (CONF 10 PZ)",V5,,8,0,,2.93000,
20613,Elettrico-Elettronico,,,"DISTANZIALE ESAGONALE IN OTTONE PER C.S. M3 M-M 40 MM (CONF 10 PZ)",V5,,10,0,,2.93000,
20612,Elettrico-Elettronico,,,"DISTANZIALE ESAGONALE IN OTTONE PER C.S. M3 M-M 35 MM (CONF 10 PZ)",V5,,11,0,,2.93000,
20611,Elettrico-Elettronico,,,"DISTANZIALE ESAGONALE IN OTTONE PER C.S. M3 M-M 30 MM (CONF 10 PZ)",V5,,10,0,,2.93000,
20610,Elettrico-Elettronico,,,"DISTANZIALE ESAGONALE IN OTTONE PER C.S. M3 M-M 25 MM (CONF 10 PZ)",V5,,11,0,,2.93000,
20609,Elettrico-Elettronico,,,"DISTANZIALE ESAGONALE IN OTTONE PER C.S. M3 M-M 20 MM (CONF 10 PZ)",V5,,13,0,,2.93000,
20608,Elettrico-Elettronico,,,"DISTANZIALE ESAGONALE IN OTTONE PER C.S. M3 M-M 15 MM (CONF 10 PZ)",V5,,2,0,,2.93000,
20607,Elettrico-Elettronico,,,"DISTANZIALE ESAGONALE IN OTTONE PER C.S. M3 M-M 10 MM (CONF 10 PZ)",V5,,0,0,,2.93000,
20606,Elettrico-Elettronico,,,"DISTANZIALE ESAGONALE IN OTTONE PER C.S. M3 M-F 70 MM (CONF 10 PZ)",V5,,0,0,,2.93000,
20605,Elettrico-Elettronico,,,"DISTANZIALE ESAGONALE IN OTTONE PER C.S. M3 M-F 65 MM (CONF 10 PZ)",V5,,0,0,,2.93000,
20604,Elettrico-Elettronico,,,"DISTANZIALE ESAGONALE IN OTTONE PER C.S. M3 M-F 60 MM (CONF 10 PZ)",V5,,8,0,,2.93000,
20603,Elettrico-Elettronico,,,"DISTANZIALE ESAGONALE IN OTTONE PER C.S. M3 M-F 55 MM (CONF 10 PZ)",V5,,4,0,,2.93000,
20602,Elettrico-Elettronico,,,"DISTANZIALE ESAGONALE IN OTTONE PER C.S. M3 M-F 50 MM (CONF 10 PZ)",V5,,9,0,,2.93000,
20601,Elettrico-Elettronico,,,"DISTANZIALE ESAGONALE IN OTTONE PER C.S. M3 M-F 5 MM (CONF 10 PZ)",V5,,10,0,,2.93000,
20600,Elettrico-Elettronico,,,"DISTANZIALE ESAGONALE IN OTTONE PER C.S. M3 M-F 45 MM (CONF 10 PZ)",V5,,12,0,,2.93000,
20599,Elettrico-Elettronico,,,"DISTANZIALE ESAGONALE IN OTTONE PER C.S. M3 M-F 40 MM (CONF 10 PZ)",V5,,15,0,,2.93000,
20598,Elettrico-Elettronico,,,"DISTANZIALE ESAGONALE IN OTTONE PER C.S. M3 M-F 35 MM (CONF 10 PZ)",V5,,18,0,,2.93000,
20597,Elettrico-Elettronico,,,"DISTANZIALE ESAGONALE IN OTTONE PER C.S. M3 M-F 30 MM (CONF 10 PZ)",V5,,20,0,,2.93000,
20596,Elettrico-Elettronico,,,"DISTANZIALE ESAGONALE IN OTTONE PER C.S. M3 M-F 25 MM (CONF 10 PZ)",V5,,13,0,,2.93000,
20595,Elettrico-Elettronico,,,"DISTANZIALE ESAGONALE IN OTTONE PER C.S. M3 M-F 20 MM (CONF 10 PZ)",V5,,18,0,,2.93000,
20594,Elettrico-Elettronico,,,"DISTANZIALE ESAGONALE IN OTTONE PER C.S. M3 M-F 15 MM (CONF 10 PZ)",V5,,18,0,,2.93000,
20593,Elettrico-Elettronico,,,"DISTANZIALE ESAGONALE IN OTTONE PER C.S. M3 M-F 10 MM (CONF 10 PZ)",V5,,14,0,,2.93000,
20592,Elettrico-Elettronico,,,"DISSIPATORE IN ALLUMINIO NERO PER C.I. VARIE MISURE",V2,,0,0,Scatola,0.66000,
20591,Elettrico-Elettronico,,,"DISSIPATORE IN ALLUMINIO NERO PER C.I. 90 X 35 X 40 MM",V2,,43,0,,0.66000,
20590,Elettrico-Elettronico,,,"DISSIPATORE IN ALLUMINIO NERO PER C.I. 50 X 25 X 40 MM",V2,,1,0,,0.66000,
20589,Elettrico-Elettronico,,,"DISSIPATORE IN ALLUMINIO NERO PER C.I. 45 X 10 X 35 MM",V2,,30,0,,0.66000,
20588,Elettrico-Elettronico,,,"DISSIPATORE IN ALLUMINIO NERO PER C.I. 40 X 20 X 35 MM",V2,,21,0,,0.66000,
20587,Elettrico-Elettronico,,,"DISSIPATORE IN ALLUMINIO NERO PER C.I. 35 X 35 X 20 MM",V2,,10,0,,0.66000,
20586,Elettrico-Elettronico,,,"DISSIPATORE IN ALLUMINIO NERO PER C.I. 30 X 25 X 25 MM",V2,,6,0,,0.66000,
20585,Elettrico-Elettronico,,,"DISSIPATORE IN ALLUMINIO NERO PER C.I. 30 X 10 X 25 MM",V2,,19,0,,0.66000,
20584,Elettrico-Elettronico,,,"DISSIPATORE IN ALLUMINIO NERO PER C.I. 18 X 9 X 18 MM",V2,,4,0,,0.66000,
20583,Elettrico-Elettronico,,,"DISSIPATORE IN ALLUMINIO NERO PER C.I. 15 X 20 X 25 MM",V2,,55,0,,0.66000,
20582,Elettrico-Elettronico,,,"DIODO LED Ø5 VERDE",U3,,20,0,,0.05000,
20581,Elettrico-Elettronico,,,"DIODO LED Ø5 ROSSO",U3,,20,0,,0.05000,
20580,Elettrico-Elettronico,,,"DIODO LED Ø5 GIALLO",U3,,20,0,,0.05000,
20579,Elettrico-Elettronico,,,"DIEDRO PER PIANO DI RISCONTRO",A1,,1,0,,31.99000,
20578,Elettrico-Elettronico,,,"DEVIATORE TIPO VIMAR 8004",E2,,68,0,,1.85880,
20577,Elettrico-Elettronico,,,"DEVIATORE LUMINOSO TIPO VIMAR 8039",F2,,47,0,,2.71000,
20576,Elettrico-Elettronico,,,"DEVIATORE A PERELLA PASSANTE PLASTICA BIANCA TIPO VIMAR 8140",E2,,49,0,,3.44000,
20575,Elettrico-Elettronico,,,"DEVIATORE A PERELLA PASSANTE PLASTICA BIANCA TIPO BTICINO 63",E2,,20,0,,4.25000,
20574,Elettrico-Elettronico,,,"DECODER RICEVITORE DIGITALE SATELLITARE TIPO HUMAX CI8110PX",E5,,0,0,,264.48000,
20573,Elettrico-Elettronico,,,"CUTTER LAMA VARIABILE ",A2,,10,0,,6.60000,
20572,Elettrico-Elettronico,,,"CUSTODIA PER FINECORSA AM1 307K",W1,,6,0,,1.17000,
20571,Elettrico-Elettronico,,,"CUSTODIA DYMO PER TESTER",C4,,4,0,,1.46000,
20570,Elettrico-Elettronico,,,"CUSTODIA CON TETTO PER CITOFONIA X PULSANTIERA 1 FILA TIPO URMET 725/711",H2,,1,0,,27.18000,
20569,Elettrico-Elettronico,,,"CORDA MILLECAPI PER CABLAGGI",B3,,7,0,,14.40000,
20568,Elettrico-Elettronico,,,"COPRIFORO MODULO STANDARD TIPO VIMAR 8319",E2,,39,0,,0.94000,
20567,Elettrico-Elettronico,,,"COPRIFORO MODULO STANDARD TIPO BTICINO MAGIC 5000",I3,,5,0,,1.18000,
20566,Elettrico-Elettronico,,,"COPPIA CARBONCINI PER MOTORI ELETTROUTENSILI 220 VAC PER DIDATTICA",O6,,1,0,,7.58000,
20565,Elettrico-Elettronico,,,"COPERCHIO PER SCATOLA DA ESTERNO X CANALETTE PLASTICA BIANCA TIPO IBO2401",H6,,90,0,,0.96000,
20561,Elettrico-Elettronico,,,"COPERCHIO METALLICO PER CANALINA 75 MM TIPO ZAMET BARRA 3 MT",L7,,0,0,,6.12000,
20560,Elettrico-Elettronico,,,"COPERCHIO METALLICO PER CANALINA 50 MM TIPO ZAMET BARRA 3 MT",L7,,0,0,,5.40000,
20559,Elettrico-Elettronico,,,"COPERCHIO METALLICO PER CANALINA 100 MM TIPO ZAMET BARRA 3 MT",L7,,0,0,,7.80000,
20555,Elettrico-Elettronico,,,"COPERCHIO CENTRALINO MODULARE INCASSO PLASTICA BIANCA 8MODULI TIPO ABB",I4,,29,0,,10.39000,
20554,Elettrico-Elettronico,,,"COPERCHIO CENTRALINO MODULARE INCASSO PLASTICA ANTRACITE 8MODULI TIPO LUME",I4,,12,0,,10.39000,
20553,Elettrico-Elettronico,,,"COPERCHIO CENTRALINO MODULARE ESTERNO BIANCO 12+1MODULI TIPO GW40028",I5,,36,0,,17.34000,
20552,Elettrico-Elettronico,,,"COPERCHIO CENTRALINO MODULARE ESTERNO BIANCO 10MODULI TIPO GW40026",H5,,59,0,,14.76000,
20550,Elettrico-Elettronico,,,"CONTENITORE PLASTICO PER ESERCITAZIONI ELETTRONICA TIPO TYMER",U6,,11,0,,5.40000,
20549,Elettrico-Elettronico,,,"CONTENITORE PLASTICO PER ESERCITAZIONI ELETTRONICA TIPO TEKO P4",U6,,2,0,,5.40000,
20548,Elettrico-Elettronico,,,"CONTENITORE PLASTICO PER ESERCITAZIONI ELETTRONICA TIPO TEKO P3",U6,,7,0,,5.40000,
20547,Elettrico-Elettronico,,,"CONTENITORE PLASTICO PER ESERCITAZIONI ELETTRONICA TIPO TEKO P2",U6,,0,0,,5.40000,
20546,Elettrico-Elettronico,,,"CONTENITORE PLASTICO PER ESERCITAZIONI ELETTRONICA TIPO TEKO P1",U6,,0,0,,5.40000,
20545,Elettrico-Elettronico,,,"CONTENITORE PLASTICO PER ESERCITAZIONI ELETTRONICA TIPO TEKO 780",U6,,3,0,,5.40000,
20544,Elettrico-Elettronico,,,"CONTENITORE PLASTICO PER ESERCITAZIONI ELETTRONICA TIPO ALIMENTATORE ",U6,,2,0,,5.40000,
20543,Elettrico-Elettronico,,,"CONTENITORE PLASTICO A CASSETTINI PER STECCHE ALFANUMERICHE GRAFOPALST ",L2,,2,0,,17.47000,
20542,Elettrico-Elettronico,,,"CONTENITORE PLASTICO 6 FORO Ø 22 MM TIPO GW 27104",N5,,0,0,,9.88000,
20541,Elettrico-Elettronico,,,"CONTENITORE PLASTICO 3 FORO Ø 22 MM TIPO GW 27103",N5,,0,0,,7.86000,
20540,Elettrico-Elettronico,,,"CONTENITORE PLASTICO 2 PULSANTI ROSSO-VERDE PER MARCIA/ARRESTO TIPO VEMER  ",N5,,1,0,,13.52000,
20539,Elettrico-Elettronico,,,"CONTENITORE PLASTICO 2 FORO Ø 22 MM TIPO GW 27102",N5,,1,0,,6.79000,
20538,Elettrico-Elettronico,,,"CONTENITORE PLASTICO 12 FORO Ø 22 MM TIPO GW 27105",N5,,0,0,,26.83000,
20537,Elettrico-Elettronico,,,"CONTENITORE PLASTICO 1 FORO Ø 22 MM TIPO GW 27101",N5,,0,0,,4.27000,
20536,Elettrico-Elettronico,,,"CONTENITORE METALLICO PER ESERCITAZIONI ELETTRONICA TIPO TEKO M506",U6,,2,0,,8.88000,
20535,Elettrico-Elettronico,,,"CONTENITORE METALLICO 8 FORO Ø 30 MM TIPO PT8",N5,,0,0,,22.39000,
20534,Elettrico-Elettronico,,,"CONTENITORE METALLICO 8 FORO Ø 22 MM TIPO PT8",N5,,7,0,,22.39000,
20533,Elettrico-Elettronico,,,"CONTENITORE METALLICO 6 FORO Ø 30 MM TIPO PT6",N5,,0,0,,19.87000,
20532,Elettrico-Elettronico,,,"CONTENITORE METALLICO 6 FORO Ø 22 MM TIPO PT6",N5,,2,0,,19.87000,
20531,Elettrico-Elettronico,,,"CONTENITORE METALLICO 4 FORO Ø 30 MM TIPO PT4",N5,,0,0,,15.17000,
20530,Elettrico-Elettronico,,,"CONTENITORE METALLICO 4 FORO Ø 22 MM TIPO PT4",N5,,1,0,,15.17000,
20529,Elettrico-Elettronico,,,"CONTENITORE METALLICO 2 FORO Ø 30 MM TIPO PT2",N5,,0,0,,11.72000,
20528,Elettrico-Elettronico,,,"CONTENITORE METALLICO 2 FORO Ø 22 MM TIPO PT2",N5,,1,0,,11.72000,
20527,Elettrico-Elettronico,,,"CONTENITORE METALLICO 1 FORO Ø 30 MM TIPO PT1",N5,,21,0,,10.39000,
20526,Elettrico-Elettronico,,,"CONTENITORE METALLICO 1 FORO Ø 22 MM TIPO PT1",N5,,2,0,,10.39000,
20525,Elettrico-Elettronico,,,"CONTENITORE LISCIO IP44 FORATO PLASTICA GRIGIO CON GUIDA? 190X140X70 TIPO GW44207",H4,,1,0,,10.13000,
20524,Elettrico-Elettronico,,,"CONTENITORE LISCIO IP44 FORATO PLASTICA GRIGIO CON GUIDA? 150X110X70 TIPO GW44206",H4,,30,0,,10.13000,
20523,Elettrico-Elettronico,,,"CONTENITORE LISCIO IP44 FORATO PLASTICA GRIGIO 120X80X50 TIPO GW44205",H4,,12,0,,10.13000,
20522,Elettrico-Elettronico,,,"CONTENITORE LISCIO IP44 COPERCHIO ALTO VITE PLAST GRIGIO 240X190X160 TIPO GW44218",G4,,1,0,,10.13000,
20521,Elettrico-Elettronico,,,"CONTENITORE LISCIO IP44 COPERCHIO ALTO VITE PLAST GRIGIO 190X140X140 TIPO GW44217",G4,,0,0,,10.13000,
20520,Elettrico-Elettronico,,,"CONTENITORE LISCIO IP44 COPERCHIO ALTO VITE PLAST GRIGIO 150X110X140 TIPO GW44216",G4,,2,0,,10.13000,
20519,Elettrico-Elettronico,,,"CONTENITORE LISCIO IP44 COPERCHIO ALTO VITE PLAST GRIGIO 120X80X120 TIPO GW44215",G4,,0,0,,9.06000,
20518,Elettrico-Elettronico,,,"CONTENITORE LISCIO IP44 COPERCHIO ALTO VITE PLAST GRIGIO 120X100X120 TIPO GW44214",G4,,0,0,,9.06000,
20517,Elettrico-Elettronico,,,"CONTENITORE LISCIO IP44 COPERCHIO A VITE PLASTICA GRIGIO 240X190X90 TIPO GW44208",G4,,1,0,,9.06000,
20516,Elettrico-Elettronico,,,"CONTENITORE LISCIO IP44 COPERCHIO A VITE PLASTICA GRIGIO 190X140X70 TIPO GW44207",G4,,7,0,,7.51000,
20515,Elettrico-Elettronico,,,"CONTENITORE LISCIO IP44 COPERCHIO A VITE PLASTICA GRIGIO 150X110X70 TIPO GW44206",G4,,8,0,,7.51000,
20514,Elettrico-Elettronico,,,"CONTENITORE LISCIO IP44 COPERCHIO A VITE PLASTICA GRIGIO 120X80X50 TIPO GW44205",G4,,11,0,,7.51000,
20513,Elettrico-Elettronico,,,"CONTENITORE LISCIO IP44 COPERCHIO A VITE PLASTICA GRIGIO 100X100X50 TIPO GW44204",G4,,2,0,,7.51000,
20512,Elettrico-Elettronico,,,"CONTENITORE ESTERNO PLASTICA GRIGIO 1MODULO MAGIC SICURITY TIPO BTICINO11380",I3,,10,0,,5.10000,
20511,Elettrico-Elettronico,,,"CONTENITORE ESTERNO MODULARE PLASTICA BIANCO 3MODULI MAGIC TIPO BTICINO25403",I3,,5,0,,10.13000,
20510,Elettrico-Elettronico,,,"CONTENITORE ESTERNO MODULARE PLASTICA BIANCO 3MODULI 8000 IP55TIPO VIMAR 13531",I3,,0,0,,6.72000,
20509,Elettrico-Elettronico,,,"CONTENITORE ESTERNO MODULARE PLASTICA BIANCO 3MODULI 8000 IP40TIPO VIMAR 13031",I3,,0,0,,5.62000,
20508,Elettrico-Elettronico,,,"CONTENITORE ESTERNO MODULARE PLASTICA BIANCO 2MODULI MAGIC TIPO BTICINO25402",I3,,0,0,,8.26000,
20507,Elettrico-Elettronico,,,"CONTENITORE ESTERNO MODULARE PLASTICA BIANCO 2MODULI 8000 IP55 TIPO VIMAR 13522",I3,,0,0,,5.59000,
20506,Elettrico-Elettronico,,,"CONTENITORE ESTERNO MODULARE PLASTICA BIANCO 2MODULI 8000 IP40 TIPO VIMAR 13022",I3,,0,0,,4.27000,
20505,Elettrico-Elettronico,,,"CONTENITORE ESTERNO MODULARE PLASTICA BIANCO 1MODULO MAGIC TIPO BTICINO25401",I3,,2,0,,5.45000,
20504,Elettrico-Elettronico,,,"CONTENITORE ESTERNO MODULARE PLASTICA BIANCO 1MODULO 8000 IP55 TIPO VIMAR 13521",I3,,4,0,,4.27000,
20503,Elettrico-Elettronico,,,"CONTENITORE ESTERNO MODULARE PLASTICA BIANCO 1MODULO 8000 IP40 TIPO VIMAR 13021",I3,,0,0,,3.02000,
20502,Elettrico-Elettronico,,,"CONTATTORE DI POTENZA 24 VCC +1NA CON TESTINA AUX 1NA+1NC TIPO TMQ GRIGIO LP4",O3,,2,0,,53.06000,
20501,Elettrico-Elettronico,,,"CONTATTORE DI POTENZA 24 VAC +2NA+2NC TIPO AUDOLI C1",Q3,,75,0,,53.06000,
20500,Elettrico-Elettronico,,,"CONTATTORE DI POTENZA 24 VAC +1NC CON TESTINA AUX 3NA+2NC TIPO CGE EA1D",P4,,12,0,,53.06000,
20499,Elettrico-Elettronico,,,"CONTATTORE DI POTENZA 24 VAC +1NA+1NC CON TESTINA AUX 2NA+2NC TIPO TMQ BIANCO LC1",Q3,,40,0,,79.49000,
20498,Elettrico-Elettronico,,,"CONTATTORE DI POTENZA 24 VAC +1NA+1NC CON TESTINA AUX 2NA+2NC TIPO CGE CA2D1",O4,,50,0,,79.49000,
20497,Elettrico-Elettronico,,,"CONTATTORE DI POTENZA 24 VAC +1NA+1NC CON TESTINA AUX 2NA+2NC TIPO CGE CA1D1",P4,,38,0,,79.49000,
20496,Elettrico-Elettronico,,,"CONTATTORE DI POTENZA 24 VAC +1NA TIPO TMQ GRIGIO CA2",O3,,19,0,,53.06000,
20495,Elettrico-Elettronico,,,"CONTATTORE DI POTENZA 24 VAC +1NA CON TESTINA AUX 2NA+2NC TIPO TMQ NERO LC1",O3,,27,0,,53.06000,
20494,Elettrico-Elettronico,,,"CONTATTORE DI POTENZA 24 VAC +1NA CON TESTINA AUX 2NA+2NC TIPO TMQ GRIGIO LC1",P3/Q3,,283,0,,79.49000,
20493,Elettrico-Elettronico,,,"CONTATTORE DI POTENZA 24 VAC +1NA CON TESTINA AUX 2NA+2NC TIPO SIEMENS 3RT1",O3,,49,0,,79.46000,
20492,Elettrico-Elettronico,,,"CONTATTORE DI POTENZA 24 VAC +1NA CON TESTINA AUX 2NA+2NC TIPO CGE CA1F1",O4,,58,0,,79.46000,
20491,Elettrico-Elettronico,,,"CONTATTO NC PER PULSANTERIA SIEMENS Ø 22 MM TIPO SIEMENS 3SB1420OC",Q6,,14,0,,1.14000,
20490,Elettrico-Elettronico,,,"CONTATTO NC PER PULSANTERIA Ø 22 MM TIPO TELEMECANIQUE ZB4BZ102",M6,,39,0,,2.59560,
20489,Elettrico-Elettronico,,,"CONTATTO NC PER PULSANTERIA Ø 22 MM TIPO BRETER V40",N6,,414,0,,1.14000,
20488,Elettrico-Elettronico,,,"CONTATTO NA PER PULSANTERIA SIEMENS Ø 22 MM TIPO SIEMENS 3SB1420OB",Q6,,13,0,,1.14000,
20487,Elettrico-Elettronico,,,"CONTATTO NA PER PULSANTERIA Ø 22 MM TIPO TELEMECANIQUE ZB4BZ101",M6,,36,0,,2.59560,
20486,Elettrico-Elettronico,,,"CONTATTO NA PER PULSANTERIA Ø 22 MM TIPO BRETER V50",N6,,239,0,,1.14000,
20485,Elettrico-Elettronico,,,"CONTATTO MAGNETICO METALLO INCASSO TIPO CSICM1",F5,,8,0,,2.47000,
20484,Elettrico-Elettronico,,,"CONTATTO MAGNETICO DA SUPERFICE TIPO CSICM2",F5,,2,0,,1.99000,
20483,Elettrico-Elettronico,,,"CONTATTO MAGNETICO ALTA TOLLERANZA METALLO TIPO CSICM3",F5,,2,0,,5.47000,
20482,Elettrico-Elettronico,,,"CONTATTO AUSILIARIO PER AUTOMATICI MARLEN-GERIN",O5,,2,0,,9.06000,
20481,Elettrico-Elettronico,,,"CONTATTO A FILO PER TAPPARELLE TIPO CSISAF1",F5,,0,0,,14.78000,
20480,Elettrico-Elettronico,,,"CONTATTI SU BASE LEGNO 1 MAGNETICO INCASSO TIPO CSICM1 + 1 SUPERFICE TIPO CSICM2",F5,,20,0,,1.04000,
20475,Elettrico-Elettronico,,,"CONTAIMPULSI ELETTROMECCANICO 6 CIFRE 220 VAC TIPO MASSI Z593",N2,,9,0,,115.48000,
20474,Elettrico-Elettronico,,,"CONTAIMPULSI ELETTROMECCANICO 6 CIFRE 110 - 220 VAC TIPO IVO108.67",N2,,3,0,,115.48000,
20473,Elettrico-Elettronico,,,"CONTAIMPULSI ELETTROMECCANICO 3 CIFRE 220 VAC TIPO IVO F1080.0",N2,,6,0,,106.49000,
20472,Elettrico-Elettronico,,,"CONNETTORI A PETTINE PER C.S. VARI TIPO ",U6,,0,0,Scatola,1.50000,
20471,Elettrico-Elettronico,,,"CONNETTORE M12 A GHIERA PER SENSORI A 3 FILI ANGOLARE TIPO SELET",N4,,12,0,,4.22000,
20470,Elettrico-Elettronico,,,"CONNETTORE AD INNESTO PER SENSORI MAGNETICI A 3 FILI ANGOLARE TIPO MPM",N4,,7,0,,4.22000,
20469,Elettrico-Elettronico,,,"CONNETTORE AD INNESTO PER SENSORI MAGNETICI A 2 FILI ANGOLARE TIPO MPM",N4,,27,0,,4.22000,
20468,Elettrico-Elettronico,,,"CONNETTORE A CAPPUCCIO IN PLASTICA PER ELETTROVALVOLE 15 MM",S3,,0,0,Scatola,4.22000,
20467,Elettrico-Elettronico,,,"CONNETTORE A CAPPUCCIO IN PLASTICA PER ELETTROVALVOLE 10 MM",S3,,169,0,,4.22000,
20466,Elettrico-Elettronico,,,"CONNETTORE 4 POLI MASCHIO VOLANTE PLASTICA NERO TIPO AMPHENOL",L6,,29,0,,6.82000,
20465,Elettrico-Elettronico,,,"CONNETTORE 4 POLI MASCHIO FISSO DA PANNELLO IN PLASTICA NERO TIPO AMPHENOL",L6,,11,0,,6.82000,
20464,Elettrico-Elettronico,,,"CONNETTORE 4 POLI FEMMINA VOLANTE PLASTICA NERO TIPO AMPHENOL",L6,,5,0,,6.82000,
20463,Elettrico-Elettronico,,,"CONNETTORE 4 POLI FEMMINA FISSO DA PANNELLO IN PLASTICA NERO TIPO AMPHENOL",L6,,15,0,,6.82000,
20462,Elettrico-Elettronico,,,"CONNETTORE 36 POLI ARANCIO A CRIMPARE MASCHIO TIPO WEIDMULLER 141910 ",L6,,4,0,,7.91000,
20461,Elettrico-Elettronico,,,"CONNETTORE 36 POLI ARANCIO A CRIMPARE FEMMINA TIPO WEIDMULLER 141900",L6,,9,0,,7.91000,
20460,Elettrico-Elettronico,,,"CONNETTORE 24 POLI GRIGIO MASCHIO TIPO ILME CNM",L5,,26,0,,4.61000,
20459,Elettrico-Elettronico,,,"CONNETTORE 24 POLI GRIGIO FEMMMINA TIPO ILME CNF",L5,,3,0,,4.61000,
20458,Elettrico-Elettronico,,,"CONNETTORE 24 POLI BLU MASCHIO TIPO ILME",L5,,6,0,,4.61000,
20457,Elettrico-Elettronico,,,"CONNETTORE 24 POLI BLU FEMMMINA TIPO ILME",L5,,59,0,,4.61000,
20456,Elettrico-Elettronico,,,"CONNETTORE 16 POLI GRIGIO MASCHIO TIPO ILME CNM",L5,,6,0,,3.43000,
20455,Elettrico-Elettronico,,,"CONNETTORE 16 POLI GRIGIO FEMMMINA TIPO ILME CNF",L5,,22,0,,3.43000,
20454,Elettrico-Elettronico,,,"CONNETTORE 16 POLI BLU MASCHIO TIPO ILME",L5,,5,0,,3.43000,
20453,Elettrico-Elettronico,,,"CONNETTORE 16 POLI BLU FEMMMINA TIPO ILME",L5,,5,0,,3.43000,
20452,Elettrico-Elettronico,,,"CONDENSATORE PER LAMPADE FLUORESCENTI 3,4?F",F1,,2,0,,2.94000,
20451,Elettrico-Elettronico,,,"CONDENSATORE 100 ?F PER TRAFORMAZIONE MAT A 220 VAC",O6,,1,0,,10.32000,
20441,Elettrico-Elettronico,,,"COMMUTATORE PER LNB CON COMANDO DISEQC TIPO IARE 9873",E5,,22,0,,66.74000,
20440,Elettrico-Elettronico,,,"CITOFONO APPARECCHIO ELETTRONICO BIANCO 1TASTO TIPO COMELIT",I1,,21,0,,14.93000,
20439,Elettrico-Elettronico,,,"CITOFONO APPARECCHIO ELETTRONICO ATLANTICO BIANCO 1TASTO TIPO URMET 1133/1",H2,,5,0,,14.93000,
20438,Elettrico-Elettronico,,,"CITOFONO APPARECCHIO ELETTRONICO ATLANTICO BIANCO 1TASTO TIPO URMET 1130/1",G2,,7,0,,14.93000,
20437,Elettrico-Elettronico,,,"CIRCUITO STAMPATO NUOVA ELETTRONICA LX835",U2,,5,0,,5.45000,
20436,Elettrico-Elettronico,,,"CILINDRO PNEUMATICO DOPPIO EFFETTO TANDEM Ø 32MM CORSA 100MM CON TITANTI TIPO ANS",T1,,14,0,,54.72000,
20435,Elettrico-Elettronico,,,"CILINDRO PNEUMATICO DOPPIO EFFETTO Ø 40 MM CORSA 15 MM CON TITANTI TIPO ANS",T1,,1,0,,39.12000,
20434,Elettrico-Elettronico,,,"CILINDRO PNEUMATICO DOPPIO EFFETTO Ø 32 MM CORSA 600 MM CON TITANTI TIPO ANS",T1,,1,0,,53.04000,
20433,Elettrico-Elettronico,,,"CILINDRO PNEUMATICO DOPPIO EFFETTO Ø 32 MM CORSA 250 MM TIPO TPA",T1,,6,0,,39.86000,
20432,Elettrico-Elettronico,,,"CILINDRO PNEUMATICO DOPPIO EFFETTO Ø 32 MM CORSA 25 MM CON TITANTI TIPO ANS",T1,,11,0,,37.44000,
20431,Elettrico-Elettronico,,,"CILINDRO PNEUMATICO DOPPIO EFFETTO Ø 32 MM CORSA 200 MM TIPO TPA",T1,,6,0,,46.32000,
20430,Elettrico-Elettronico,,,"CILINDRO PNEUMATICO DOPPIO EFFETTO Ø 32 MM CORSA 150 MM TIPO TPA",T1,,11,0,,43.68000,
20429,Elettrico-Elettronico,,,"CILINDRO PNEUMATICO DOPPIO EFFETTO Ø 32 MM CORSA 100 MM CON TITANTI TIPO ANS",T1,,11,0,,41.47000,
20428,Elettrico-Elettronico,,,"CILINDRO PNEUMATICO DOPPIO EFFETTO Ø 30 MM CORSA 40 MM TIPO CR",S1,,3,0,,38.66000,
20427,Elettrico-Elettronico,,,"CILINDRO PNEUMATICO DOPPIO EFFETTO Ø 27 MM CORSA 250 MM TIPO TPA ",S1,,4,0,,36.26000,
20426,Elettrico-Elettronico,,,"CILINDRO PNEUMATICO DOPPIO EFFETTO Ø 27 MM CORSA 200 MM TIPO TPA ",S1,,16,0,,35.86000,
20425,Elettrico-Elettronico,,,"CILINDRO PNEUMATICO DOPPIO EFFETTO Ø 27 MM CORSA 150 MM TIPO TPA",S1,,8,0,,32.21000,
20424,Elettrico-Elettronico,,,"CILINDRO PNEUMATICO DOPPIO EFFETTO Ø 22 MM CORSA 80 MM TIPO CR",S1,,3,0,,31.49000,
20423,Elettrico-Elettronico,,,"CILINDRO PNEUMATICO DOPPIO EFFETTO Ø 20 MM CORSA 20 MM",S1,,5,0,,27.74000,
20422,Elettrico-Elettronico,,,"CILINDRO PNEUMATICO DOPPIO EFFETTO Ø 16 MM CORSA 75 MM TIPO TPA",S1,,12,0,,25.73000,
20421,Elettrico-Elettronico,,,"CHIAVE PER MANDRINO A 4 MISURE",B2,,1,0,,2.00000,
20420,Elettrico-Elettronico,,,"CHIAVE A BUSSOLA CON MANICO A CACCIAVITE 8 MM PER DADI M5",C2,,21,0,,14.80000,
20419,Elettrico-Elettronico,,,"CHIAVE A BUSSOLA CON MANICO A CACCIAVITE 7 MM PER DADI M4",C2,,33,0,,14.80000,
20418,Elettrico-Elettronico,,,"CHIAVE A BUSSOLA CON MANICO A CACCIAVITE 6 MM PER DADI M3",C2,,19,0,,13.15000,
20417,Elettrico-Elettronico,,,"CHIAVE A BUSSOLA CON MANICO A CACCIAVITE 5 MM",C2,,19,0,,13.15000,
20416,Elettrico-Elettronico,,,"CHIAVE A BUSSOLA CON MANICO A CACCIAVITE 4 MM",C2,,20,0,,11.93000,
20415,Elettrico-Elettronico,,,"CENTRALINO PER TELEFONIA 1/6-2/8 TIPO ESSETI EUROPA280B CABLATO CON CONNETTORE",F5,,1,0,,408.14000,
20414,Elettrico-Elettronico,,,"CENTRALINO MODULARE INCASSO PLASTICA BIANCA 8MODULI TIPO GW40225",I4,,1,0,,14.88000,
20413,Elettrico-Elettronico,,,"CENTRALINO MODULARE ESTERNO PLASTICA BIANCA 12+1MODULI TIPO GW40028",I5,,1,0,,14.88000,
20412,Elettrico-Elettronico,,,"CENTRALINO MODULARE ESTERNO PLASTICA BIANCA 10MODULI TIPO GW40026",H5,,5,0,,14.88000,
20411,Elettrico-Elettronico,,,"CENTRALE VIGILANT 8ZONE A TASTI ALIMENTATORE 1A TIPO CSI001008",F5,,0,0,,124.08000,
20410,Elettrico-Elettronico,,,"CENTRALE DI COMANDO PER 2 MOTORI NYCE ",D6,,0,0,,173.06000,
20407,Elettrico-Elettronico,,,"CATARIFRANGENTE PER FOTOCELLULA M18 TIPO SELET OCV81",N4,,5,0,,3.05000,
20406,Elettrico-Elettronico,,,"CASSETTIERA DA LAVORO 47 X 20 X 16 CM CON DUE COMPARTI INTERNO",Z0,,8,0,,31.60000,
20405,Elettrico-Elettronico,,,"CASSETTIERA DA LAVORO 33 X 17 X 14 CM CON UNO COMPARTO INTERNO",Z0,,1,0,,30.43000,
20404,Elettrico-Elettronico,,,"CARTELLIERA PER STECCHE ALFANUMERICHE GRAFOPLAST TIPO GR118",L2,,14,0,,10.39000,
20403,Elettrico-Elettronico,,,"CALOTTA 48 POLI (24X2) PER CONNETTORI VOLANTE TIPO ILME",M5,,14,0,,21.10000,
20402,Elettrico-Elettronico,,,"CALOTTA 48 POLI (24X2) PER CONNETTORI FISSA PASSANTE DA INCASSO TIPO ILME",M5,,2,0,,21.10000,
20401,Elettrico-Elettronico,,,"CALOTTA 48 POLI (24X2) PER CONNETTORI FISSA ESTERNO TIPO ILME",M5,,4,0,,21.10000,
20400,Elettrico-Elettronico,,,"CALOTTA 32 POLI (16X2) PER CONNETTORI VOLANTE TIPO ILME",L5,,3,0,,14.82000,
20399,Elettrico-Elettronico,,,"CALOTTA 32 POLI (16X2) PER CONNETTORI FISSA PASSANTE DA INCASSO TIPO ILME",L5,,8,0,,14.82000,
20398,Elettrico-Elettronico,,,"CALOTTA 32 POLI (16X2) PER CONNETTORI FISSA ESTERNO TIPO ILME",L5,,3,0,,14.82000,
20397,Elettrico-Elettronico,,,"CALOTTA 24 POLI PER CONNETTORI VOLANTE TIPO ILME",L5,,10,0,,11.83000,
20396,Elettrico-Elettronico,,,"CALOTTA 24 POLI PER CONNETTORI FISSA INCASSO TIPO ILME",L5,,0,0,,11.83000,
20395,Elettrico-Elettronico,,,"CALOTTA 24 POLI PER CONNETTORI FISSA ESTERNO TIPO ILME",L5,,0,0,,11.83000,
20394,Elettrico-Elettronico,,,"CALOTTA 16 POLI PER CONNETTORI VOLANTE TIPO ILME",L5,,1,0,,10.15000,
20393,Elettrico-Elettronico,,,"CALOTTA 16 POLI PER CONNETTORI FISSA INCASSO TIPO ILME",L5,,7,0,,10.15000,
20392,Elettrico-Elettronico,,,"CALOTTA 16 POLI PER CONNETTORI FISSA ESTERNO TIPO ILME",L5,,0,0,,10.15000,
20391,Elettrico-Elettronico,,,"CALIBRO INOX 1/50 300 MM",A1,,1,0,,23.47000,
20390,Elettrico-Elettronico,,,"CALIBRO INOX 1/20 200 MM",A1,,11,0,,26.56000,
20389,Elettrico-Elettronico,,,"CACCIAVITE CERCAFASE A TAGLIO 4MM",A1,,11,0,,9.58000,
20388,Elettrico-Elettronico,,,"CACCIAVITE CERCAFASE A TAGLIO 3MM",A1,,10,0,,8.24000,
20387,Elettrico-Elettronico,,,"CACCIAVITE A TAGLIO PICCOLO TIPO USAG 325 0,5X3X100",A3,,11,0,,5.07960,
20386,Elettrico-Elettronico,,,"CACCIAVITE A TAGLIO PICCOLO TIPO USAG 323 0,5X3X100",A3,,21,0,,2.37000,
20385,Elettrico-Elettronico,,,"CACCIAVITE A TAGLIO PICCOLO TIPO KARAT 0,4X2,5X75",A3,,1,0,,1.68000,
20384,Elettrico-Elettronico,,,"CACCIAVITE A TAGLIO MEDIO TIPO USAG 325 0,8X4X100",A3,,22,0,,6.09996,
20383,Elettrico-Elettronico,,,"CACCIAVITE A TAGLIO MEDIO TIPO USAG 323 0,8X4X100",A3,,39,0,,4.20000,
20382,Elettrico-Elettronico,,,"CACCIAVITE A TAGLIO LARGHEZZA VARIABILE CON MANICO LUNGO ",B3,,3,0,,9.07000,
20381,Elettrico-Elettronico,,,"CACCIAVITE A TAGLIO GRANDE TIPO USAG 325 1X5,5X125",A3,,20,0,,7.34760,
20380,Elettrico-Elettronico,,,"CACCIAVITE A TAGLIO GRANDE TIPO USAG 323 1X5,5X150",A3,,47,0,,4.62000,
20378,Elettrico-Elettronico,,,"CACCIAVITE A CROCE PICCOLO TIPO KARAT PH0X80",A3,,1,0,,1.68000,
20377,Elettrico-Elettronico,,,"CACCIAVITE A CROCE MEDIO TIPO USAG 325 PH1X80",A3,,23,0,,4.72000,
20376,Elettrico-Elettronico,,,"CACCIAVITE A CROCE MEDIO TIPO USAG 323 PH1X80",A3,,16,0,,2.57000,
20375,Elettrico-Elettronico,,,"CACCIAVITE A CROCE GRANDE TIPO USAG 325 PH2X100",A3,,18,0,,3.90000,
20374,Elettrico-Elettronico,,,"CACCIAVITE A CROCE GRANDE TIPO USAG 323 PH2X100",A3,,37,0,,3.90000,
20373,Elettrico-Elettronico,,,"BULINO IN ACCIAIO PER PUNZONATURE",A2,,23,0,,9.12000,
20372,Elettrico-Elettronico,,,"BREAD BOARD TRIPLA CON SPINOTTO ALIMENTAZ. X ESERCITAZIONI ELETTRONICA VARI TIPO",U1,,1,0,,14.40000,
20371,Elettrico-Elettronico,,,"BREAD BOARD SINGOLA PER ESERCITAZIONI ELETTRONICA VARI TIPO",U2,,30,0,,14.40000,
